Category,Model_ID,Model_Name,Consumable_ID,Consumable_Name,Item_ID,Item_Code,Item_Name
"KM Color",625,BH-C221,154,"DEVELOPING UNIT",351,"DEVELOPING UNIT BLACK (DV512K)","DEVELOPING UNIT BLACK (DV512K)"
"KM Color",625,BH-C221,154,"DEVELOPING UNIT",357,"DEVELOPING UNIT CYAN (DV512C)","DEVELOPING UNIT CYAN (DV512C)"
"KM Color",625,BH-C221,154,"DEVELOPING UNIT",355,"DEVELOPING UNIT MAGENTA (DV512M)","DEVELOPING UNIT MAGENTA (DV512M)"
"KM Color",625,BH-C221,154,"DEVELOPING UNIT",353,"DEVELOPING UNIT YELLOW (DV512Y)","DEVELOPING UNIT YELLOW (DV512Y)"
"KM Color",625,BH-C221,156,"DRUM  CARTRIDGE",359,"DRUM CARTRIDGE BLACK (DR512K)","DRUM CARTRIDGE BLACK (DR512K)"
"KM Color",625,BH-C221,156,"DRUM  CARTRIDGE",365,"DRUM CARTRIDGE CYAN (DR512)","DRUM CARTRIDGE CYAN (DR512)"
"KM Color",625,BH-C221,156,"DRUM  CARTRIDGE",361,"DRUM CARTRIDGE MAGENTA (DR512)","DRUM CARTRIDGE MAGENTA (DR512)"
"KM Color",625,BH-C221,156,"DRUM  CARTRIDGE",363,"DRUM CARTRIDGE YELLOW (DR512)","DRUM CARTRIDGE YELLOW (DR512)"
"KM Color",625,BH-C221,152,TONER,343,"TONER BLACK C221/C281 (TN220K)","TONER BLACK C221/C281 (TN220K)"
"KM Color",625,BH-C221,152,TONER,349,"TONER CYAN C221/C281 (TN220C)","TONER CYAN C221/C281 (TN220C)"
"KM Color",625,BH-C221,152,TONER,347,"TONER MAGENTA C221/C281 (TN220M)","TONER MAGENTA C221/C281 (TN220M)"
"KM Color",625,BH-C221,152,TONER,345,"TONER YELLOW C221/C281 (TN220Y)","TONER YELLOW C221/C281 (TN220Y)"
"KM Color",625,BH-C221,160,"TRANSFER BELT UNIT",369,"TRANSFER BELT UNIT","TRANSFER BELT UNIT"
"KM Color",625,BH-C221,162,"TRANSFER ROLLER UNIT",371,"TRANSFER ROLLER UNIT","TRANSFER ROLLER UNIT"
"KM Color",625,BH-C221,158,"WASTE TONER BOX",367,"WASTE TONER BOX","WASTE TONER BOX"
"KM Color",633,BH-C227i,210,"DEV UNIT DV216",462,"DEV UNIT DV216","DEV UNIT DV216"
"KM Color",633,BH-C227i,212,"DRUM UNIT DR217K",466,"DRUM UNIT DR217K","DRUM UNIT DR217K"
"KM Color",633,BH-C227i,216,"FUSING UNIT",470,"FUSING UNIT","FUSING UNIT"
"KM Color",633,BH-C227i,211,"IMAGING UNIT",463,"IMAGING UNIT IU217C","IMAGING UNIT IU217C"
"KM Color",633,BH-C227i,211,"IMAGING UNIT",464,"IMAGING UNIT IU217M","IMAGING UNIT IU217M"
"KM Color",633,BH-C227i,211,"IMAGING UNIT",465,"IMAGING UNIT IU217Y","IMAGING UNIT IU217Y"
"KM Color",633,BH-C227i,209,TONER,458,"TONER BLACK TN227K","TONER BLACK TN227K"
"KM Color",633,BH-C227i,209,TONER,461,"TONER CYAN TN227C","TONER CYAN TN227C"
"KM Color",633,BH-C227i,209,TONER,460,"TONER MAGENTA TN227M","TONER MAGENTA TN227M"
"KM Color",633,BH-C227i,209,TONER,459,"TONER YELLOW TN227Y","TONER YELLOW TN227Y"
"KM Color",633,BH-C227i,214,"TRANSFER BELT UNIT",468,"TRANSFER BELT UNIT","TRANSFER BELT UNIT"
"KM Color",633,BH-C227i,215,"TRANSFER ROLLER UNIT",469,"TRANSFER ROLLER UNIT","TRANSFER ROLLER UNIT"
"KM Color",633,BH-C227i,213,"WASTE TONER BOX",467,"WASTE TONER BOX","WASTE TONER BOX"
"KM Color",636,BH-C250i,234,"2ND IMAGE TRANSFER ROLLER ASSY",515,"2ND IMAGE TRANSFER ROLLER ASSY","2ND IMAGE TRANSFER ROLLER ASSY"
"KM Color",636,BH-C250i,222,"DEV UNIT",494,"DEV CYAN DV315C","DEV CYAN DV315C"
"KM Color",636,BH-C250i,222,"DEV UNIT",491,"DEV MAGENTA DV315M","DEV MAGENTA DV315M"
"KM Color",636,BH-C250i,222,"DEV UNIT",485,"DEV UNIT BLACK DV315K","DEV UNIT BLACK DV315K"
"KM Color",636,BH-C250i,222,"DEV UNIT",488,"DEV YELLOW DV315Y","DEV YELLOW DV315Y"
"KM Color",636,BH-C250i,225,"DRUM UNIT",506,"DRUM UNIT CMY DR316CMY","DRUM UNIT CMY DR316CMY"
"KM Color",636,BH-C250i,225,"DRUM UNIT",500,"DRUM UNIT CMY DR316CMY","DRUM UNIT CMY DR316CMY"
"KM Color",636,BH-C250i,225,"DRUM UNIT",503,"DRUM UNIT CMY DR316CMY","DRUM UNIT CMY DR316CMY"
"KM Color",636,BH-C250i,225,"DRUM UNIT",497,"DRUM UNIT K DR316K","DRUM UNIT K DR316K"
"KM Color",636,BH-C250i,237,"FUSING UNIT",518,"FUSING UNIT","FUSING UNIT"
"KM Color",636,BH-C250i,231,"INTERMEDIATE IMAGE TRANSFER UNIT/TRANSFER BELT",512,"INTERMEDIATE IMAGE TRANSFER UNIT/TRANSFER BELT","INTERMEDIATE IMAGE TRANSFER UNIT/TRANSFER BELT"
"KM Color",636,BH-C250i,219,TONER,473,"TONER BLACK TN328K","TONER BLACK TN328K"
"KM Color",636,BH-C250i,219,TONER,482,"TONER CYAN TN328C","TONER CYAN TN328C"
"KM Color",636,BH-C250i,219,TONER,479,"TONER MAGENTA TN328M","TONER MAGENTA TN328M"
"KM Color",636,BH-C250i,219,TONER,476,"TONER YELLOW TN328Y","TONER YELLOW TN328Y"
"KM Color",636,BH-C250i,228,"WASTE TONER",509,"WASTE TONER","WASTE TONER"
"KM Color",452,BH-C251i,426,DEV,840,"DEV CYAN DV315C","DEV CYAN DV315C"
"KM Color",452,BH-C251i,426,DEV,839,"DEV MAGENTA DV315M","DEV MAGENTA DV315M"
"KM Color",452,BH-C251i,426,DEV,837,"DEV UNIT BLACK DV315K","DEV UNIT BLACK DV315K"
"KM Color",452,BH-C251i,426,DEV,838,"DEV YELLOW DV315Y","DEV YELLOW DV315Y"
"KM Color",452,BH-C251i,427,"DRUM UNIT",842,"DRUM UNIT CMY DR316C","DRUM UNIT CMY DR316C"
"KM Color",452,BH-C251i,427,"DRUM UNIT",843,"DRUM UNIT CMY DR316M","DRUM UNIT CMY DR316M"
"KM Color",452,BH-C251i,427,"DRUM UNIT",844,"DRUM UNIT CMY DR316Y","DRUM UNIT CMY DR316Y"
"KM Color",452,BH-C251i,427,"DRUM UNIT",841,"DRUM UNIT K DR316K","DRUM UNIT K DR316K"
"KM Color",452,BH-C251i,425,TONER,833,"TONER BLACK TN328K","TONER BLACK TN328K"
"KM Color",452,BH-C251i,425,TONER,836,"TONER CYAN TN328C","TONER CYAN TN328C"
"KM Color",452,BH-C251i,425,TONER,835,"TONER MAGENTA TN328M","TONER MAGENTA TN328M"
"KM Color",452,BH-C251i,425,TONER,834,"TONER YELLOW TN328Y","TONER YELLOW TN328Y"
"KM Color",626,BH-C281,155,"DEVELOPING UNIT",352,"DEVELOPING UNIT BLACK (DV512K)","DEVELOPING UNIT BLACK (DV512K)"
"KM Color",626,BH-C281,155,"DEVELOPING UNIT",358,"DEVELOPING UNIT CYAN (DV512C)","DEVELOPING UNIT CYAN (DV512C)"
"KM Color",626,BH-C281,155,"DEVELOPING UNIT",356,"DEVELOPING UNIT MAGENTA (DV512M)","DEVELOPING UNIT MAGENTA (DV512M)"
"KM Color",626,BH-C281,155,"DEVELOPING UNIT",354,"DEVELOPING UNIT YELLOW (DV512Y)","DEVELOPING UNIT YELLOW (DV512Y)"
"KM Color",626,BH-C281,157,"DRUM  CARTRIDGE",360,"DRUM CARTRIDGE BLACK (DR512K)","DRUM CARTRIDGE BLACK (DR512K)"
"KM Color",626,BH-C281,157,"DRUM  CARTRIDGE",366,"DRUM CARTRIDGE CYAN (DR512)","DRUM CARTRIDGE CYAN (DR512)"
"KM Color",626,BH-C281,157,"DRUM  CARTRIDGE",362,"DRUM CARTRIDGE MAGENTA (DR512)","DRUM CARTRIDGE MAGENTA (DR512)"
"KM Color",626,BH-C281,157,"DRUM  CARTRIDGE",364,"DRUM CARTRIDGE YELLOW (DR512)","DRUM CARTRIDGE YELLOW (DR512)"
"KM Color",626,BH-C281,153,TONER,344,"TONER BLACK C221/C281 (TN220K)","TONER BLACK C221/C281 (TN220K)"
"KM Color",626,BH-C281,153,TONER,350,"TONER CYAN C221/C281 (TN220C)","TONER CYAN C221/C281 (TN220C)"
"KM Color",626,BH-C281,153,TONER,348,"TONER MAGENTA C221/C281 (TN220M)","TONER MAGENTA C221/C281 (TN220M)"
"KM Color",626,BH-C281,153,TONER,346,"TONER YELLOW C221/C281 (TN220Y)","TONER YELLOW C221/C281 (TN220Y)"
"KM Color",626,BH-C281,161,"TRANSFER BELT UNIT",370,"TRANSFER BELT UNIT","TRANSFER BELT UNIT"
"KM Color",626,BH-C281,163,"TRANSFER ROLLER UNIT",372,"TRANSFER ROLLER UNIT","TRANSFER ROLLER UNIT"
"KM Color",626,BH-C281,159,"WASTE TONER BOX",368,"WASTE TONER BOX","WASTE TONER BOX"
"KM Color",634,BH-C300i,232,"2ND IMAGE TRANSFER ROLLER ASSY",513,"2ND IMAGE TRANSFER ROLLER ASSY","2ND IMAGE TRANSFER ROLLER ASSY"
"KM Color",634,BH-C300i,220,"DEV UNIT",492,"DEV CYAN DV315C","DEV CYAN DV315C"
"KM Color",634,BH-C300i,220,"DEV UNIT",489,"DEV MAGENTA DV315M","DEV MAGENTA DV315M"
"KM Color",634,BH-C300i,220,"DEV UNIT",483,"DEV UNIT BLACK DV315K","DEV UNIT BLACK DV315K"
"KM Color",634,BH-C300i,220,"DEV UNIT",486,"DEV YELLOW DV315Y","DEV YELLOW DV315Y"
"KM Color",634,BH-C300i,223,"DRUM UNIT",504,"DRUM UNIT CMY DR316CMY","DRUM UNIT CMY DR316CMY"
"KM Color",634,BH-C300i,223,"DRUM UNIT",498,"DRUM UNIT CMY DR316CMY","DRUM UNIT CMY DR316CMY"
"KM Color",634,BH-C300i,223,"DRUM UNIT",501,"DRUM UNIT CMY DR316CMY","DRUM UNIT CMY DR316CMY"
"KM Color",634,BH-C300i,223,"DRUM UNIT",495,"DRUM UNIT K DR316K","DRUM UNIT K DR316K"
"KM Color",634,BH-C300i,235,"FUSING UNIT",516,"FUSING UNIT","FUSING UNIT"
"KM Color",634,BH-C300i,229,"INTERMEDIATE IMAGE TRANSFER UNIT/TRANSFER BELT",510,"INTERMEDIATE IMAGE TRANSFER UNIT/TRANSFER BELT","INTERMEDIATE IMAGE TRANSFER UNIT/TRANSFER BELT"
"KM Color",634,BH-C300i,217,TONER,471,"TONER BLACK TN328K","TONER BLACK TN328K"
"KM Color",634,BH-C300i,217,TONER,480,"TONER CYAN TN328C","TONER CYAN TN328C"
"KM Color",634,BH-C300i,217,TONER,477,"TONER MAGENTA TN328M","TONER MAGENTA TN328M"
"KM Color",634,BH-C300i,217,TONER,474,"TONER YELLOW TN328Y","TONER YELLOW TN328Y"
"KM Color",634,BH-C300i,226,"WASTE TONER",507,"WASTE TONER","WASTE TONER"
"KM Color",453,BH-C301i,429,DEV,852,"DEV CYAN DV315C","DEV CYAN DV315C"
"KM Color",453,BH-C301i,429,DEV,851,"DEV MAGENTA DV315M","DEV MAGENTA DV315M"
"KM Color",453,BH-C301i,429,DEV,849,"DEV UNIT BLACK DV315K","DEV UNIT BLACK DV315K"
"KM Color",453,BH-C301i,429,DEV,850,"DEV YELLOW DV315Y","DEV YELLOW DV315Y"
"KM Color",453,BH-C301i,430,"DRUM UNIT",854,"DRUM UNIT CMY DR316C","DRUM UNIT CMY DR316C"
"KM Color",453,BH-C301i,430,"DRUM UNIT",855,"DRUM UNIT CMY DR316M","DRUM UNIT CMY DR316M"
"KM Color",453,BH-C301i,430,"DRUM UNIT",856,"DRUM UNIT CMY DR316Y","DRUM UNIT CMY DR316Y"
"KM Color",453,BH-C301i,430,"DRUM UNIT",853,"DRUM UNIT K DR316K","DRUM UNIT K DR316K"
"KM Color",453,BH-C301i,428,TONER,845,"TONER BLACK TN328K","TONER BLACK TN328K"
"KM Color",453,BH-C301i,428,TONER,848,"TONER CYAN TN328C","TONER CYAN TN328C"
"KM Color",453,BH-C301i,428,TONER,847,"TONER MAGENTA TN328M","TONER MAGENTA TN328M"
"KM Color",453,BH-C301i,428,TONER,846,"TONER YELLOW TN328Y","TONER YELLOW TN328Y"
"KM Color",621,BH-C308,136,"DEV UNIT",303,"DEV UNIT BLACK C368/C308 (DV313K)","DEV UNIT BLACK C368/C308 (DV313K)"
"KM Color",621,BH-C308,136,"DEV UNIT",309,"DEV UNIT CYAN C368/C308 (DV313C)","DEV UNIT CYAN C368/C308 (DV313C)"
"KM Color",621,BH-C308,136,"DEV UNIT",307,"DEV UNIT MAGENTA C368/C308 (DV313M)","DEV UNIT MAGENTA C368/C308 (DV313M)"
"KM Color",621,BH-C308,136,"DEV UNIT",305,"DEV UNIT YELLOWC368/C308 (DV313Y)","DEV UNIT YELLOWC368/C308 (DV313Y)"
"KM Color",621,BH-C308,138,"DRUM UNIT",311,"DRUM UNIT BLACK C368/C308 (DR313K)","DRUM UNIT BLACK C368/C308 (DR313K)"
"KM Color",621,BH-C308,138,"DRUM UNIT",313,"DRUM UNIT CMY C368/C308 (DR313)","DRUM UNIT CMY C368/C308 (DR313)"
"KM Color",621,BH-C308,138,"DRUM UNIT",315,"DRUM UNIT CMY C368/C308 (DR313)","DRUM UNIT CMY C368/C308 (DR313)"
"KM Color",621,BH-C308,138,"DRUM UNIT",317,"DRUM UNIT CMY C368/C308 (DR313)","DRUM UNIT CMY C368/C308 (DR313)"
"KM Color",621,BH-C308,146,"FUSING UNIT 230V",325,"FUSING UNIT 230V","FUSING UNIT 230V"
"KM Color",621,BH-C308,134,TONER,295,"TONER BLACK C368/C308 (TN324K)","TONER BLACK C368/C308 (TN324K)"
"KM Color",621,BH-C308,134,TONER,301,"TONER CYAN C368/C308 (TN324C)","TONER CYAN C368/C308 (TN324C)"
"KM Color",621,BH-C308,134,TONER,299,"TONER MAGENTA C368/C308 (TN324M)","TONER MAGENTA C368/C308 (TN324M)"
"KM Color",621,BH-C308,134,TONER,297,"TONER YELLOW C368/C308 (TN324Y)","TONER YELLOW C368/C308 (TN324Y)"
"KM Color",621,BH-C308,142,"TRANSFER BELT UNIT",321,"TRANSFER BELT UNIT","TRANSFER BELT UNIT"
"KM Color",621,BH-C308,144,"TRANSFER ROLLER UNIT",323,"TRANSFER ROLLER UNIT","TRANSFER ROLLER UNIT"
"KM Color",621,BH-C308,140,"WASTE TONER BOX",319,"WASTE TONER BOX","WASTE TONER BOX"
"KM Color",630,BH-C3110,192,"FUSER BELT",431,"FUSER BELT","FUSER BELT"
"KM Color",630,BH-C3110,189,"IMAGING UNIT",425,"IMAGING UNIT BLACK  C3110/C3100P","IMAGING UNIT BLACK  C3110/C3100P"
"KM Color",630,BH-C3110,189,"IMAGING UNIT",428,"IMAGING UNIT CYAN  C3110/C3100P","IMAGING UNIT CYAN  C3110/C3100P"
"KM Color",630,BH-C3110,189,"IMAGING UNIT",427,"IMAGING UNIT MAGENTA  C3110/C3100P","IMAGING UNIT MAGENTA  C3110/C3100P"
"KM Color",630,BH-C3110,189,"IMAGING UNIT",426,"IMAGING UNIT YELLOW C3110/C3100P","IMAGING UNIT YELLOW C3110/C3100P"
"KM Color",630,BH-C3110,188,TONER,421,"TONER BLACK C3110","TONER BLACK C3110"
"KM Color",630,BH-C3110,188,TONER,424,"TONER CYAN C3110","TONER CYAN C3110"
"KM Color",630,BH-C3110,188,TONER,423,"TONER MAGENTA C3110","TONER MAGENTA C3110"
"KM Color",630,BH-C3110,188,TONER,422,"TONER YELLOW C3110","TONER YELLOW C3110"
"KM Color",630,BH-C3110,191,"TRANSFER BELT UNIT",430,"TRANSFER BELT UNIT","TRANSFER BELT UNIT"
"KM Color",630,BH-C3110,190,"WASTE TONER BOX",429,"WASTE TONER BOX","WASTE TONER BOX"
"KM Color",623,BH-C3350,150,"IMAGING UNIT",335,"IMAGING UNIT BLACK (IUP22K)","IMAGING UNIT BLACK (IUP22K)"
"KM Color",623,BH-C3350,150,"IMAGING UNIT",341,"IMAGING UNIT CYAN (IUP22C)","IMAGING UNIT CYAN (IUP22C)"
"KM Color",623,BH-C3350,150,"IMAGING UNIT",339,"IMAGING UNIT MAGENTA (IUP22M)","IMAGING UNIT MAGENTA (IUP22M)"
"KM Color",623,BH-C3350,150,"IMAGING UNIT",337,"IMAGING UNIT YELLOW (IUP22Y)","IMAGING UNIT YELLOW (IUP22Y)"
"KM Color",623,BH-C3350,148,TONER,327,"TONER BLACK C3350/C3850 (TNP48K)","TONER BLACK C3350/C3850 (TNP48K)"
"KM Color",623,BH-C3350,148,TONER,333,"TONER CYAN C3350/C3850 (TNP48C)","TONER CYAN C3350/C3850 (TNP48C)"
"KM Color",623,BH-C3350,148,TONER,331,"TONER MAGENTA C3350/C3850 (TNP48M)","TONER MAGENTA C3350/C3850 (TNP48M)"
"KM Color",623,BH-C3350,148,TONER,329,"TONER YELLOW C3350/C3850 (TNP48Y)","TONER YELLOW C3350/C3850 (TNP48Y)"
"KM Color",620,BH-C35,133,"FUSER BELT",294,"FUSER BELT","FUSER BELT"
"KM Color",620,BH-C35,133,"FUSER BELT",293,"TRANSFER BELT UNIT","TRANSFER BELT UNIT"
"KM Color",620,BH-C35,131,"IMAGING UNIT",288,"IMAGING UNIT BLACK","IMAGING UNIT BLACK"
"KM Color",620,BH-C35,131,"IMAGING UNIT",291,"IMAGING UNIT CYAN","IMAGING UNIT CYAN"
"KM Color",620,BH-C35,131,"IMAGING UNIT",290,"IMAGING UNIT MAGENTA","IMAGING UNIT MAGENTA"
"KM Color",620,BH-C35,131,"IMAGING UNIT",289,"IMAGING UNIT YELLOW","IMAGING UNIT YELLOW"
"KM Color",620,BH-C35,130,TONER,284,"TONER BLACK","TONER BLACK"
"KM Color",620,BH-C35,130,TONER,287,"TONER CYAN","TONER CYAN"
"KM Color",620,BH-C35,130,TONER,286,"TONER MAGENTA","TONER MAGENTA"
"KM Color",620,BH-C35,130,TONER,285,"TONER YELLOW","TONER YELLOW"
"KM Color",620,BH-C35,132,"WASTE TONER BOX",292,"WASTE TONER BOX","WASTE TONER BOX"
"KM Color",635,BH-C360i,233,"2ND IMAGE TRANSFER ROLLER ASSY",514,"2ND IMAGE TRANSFER ROLLER ASSY","2ND IMAGE TRANSFER ROLLER ASSY"
"KM Color",635,BH-C360i,221,"DEV UNIT",493,"DEV CYAN DV315C","DEV CYAN DV315C"
"KM Color",635,BH-C360i,221,"DEV UNIT",490,"DEV MAGENTA DV315M","DEV MAGENTA DV315M"
"KM Color",635,BH-C360i,221,"DEV UNIT",484,"DEV UNIT BLACK DV315K","DEV UNIT BLACK DV315K"
"KM Color",635,BH-C360i,221,"DEV UNIT",487,"DEV YELLOW DV315Y","DEV YELLOW DV315Y"
"KM Color",635,BH-C360i,224,"DRUM UNIT",505,"DRUM UNIT CMY DR316CMY","DRUM UNIT CMY DR316CMY"
"KM Color",635,BH-C360i,224,"DRUM UNIT",499,"DRUM UNIT CMY DR316CMY","DRUM UNIT CMY DR316CMY"
"KM Color",635,BH-C360i,224,"DRUM UNIT",502,"DRUM UNIT CMY DR316CMY","DRUM UNIT CMY DR316CMY"
"KM Color",635,BH-C360i,224,"DRUM UNIT",496,"DRUM UNIT K DR316K","DRUM UNIT K DR316K"
"KM Color",635,BH-C360i,236,"FUSING UNIT",517,"FUSING UNIT","FUSING UNIT"
"KM Color",635,BH-C360i,230,"INTERMEDIATE IMAGE TRANSFER UNIT/TRANSFER BELT",511,"INTERMEDIATE IMAGE TRANSFER UNIT/TRANSFER BELT","INTERMEDIATE IMAGE TRANSFER UNIT/TRANSFER BELT"
"KM Color",635,BH-C360i,218,TONER,472,"TONER BLACK TN328K","TONER BLACK TN328K"
"KM Color",635,BH-C360i,218,TONER,481,"TONER CYAN TN328C","TONER CYAN TN328C"
"KM Color",635,BH-C360i,218,TONER,478,"TONER MAGENTA TN328M","TONER MAGENTA TN328M"
"KM Color",635,BH-C360i,218,TONER,475,"TONER YELLOW TN328Y","TONER YELLOW TN328Y"
"KM Color",635,BH-C360i,227,"WASTE TONER",508,"WASTE TONER","WASTE TONER"
"KM Color",622,BH-C368,137,"DEV UNIT",304,"DEV UNIT BLACK C368/C308 (DV313K)","DEV UNIT BLACK C368/C308 (DV313K)"
"KM Color",622,BH-C368,137,"DEV UNIT",310,"DEV UNIT CYAN C368/C308 (DV313C)","DEV UNIT CYAN C368/C308 (DV313C)"
"KM Color",622,BH-C368,137,"DEV UNIT",308,"DEV UNIT MAGENTA C368/C308 (DV313M)","DEV UNIT MAGENTA C368/C308 (DV313M)"
"KM Color",622,BH-C368,137,"DEV UNIT",306,"DEV UNIT YELLOWC368/C308 (DV313Y)","DEV UNIT YELLOWC368/C308 (DV313Y)"
"KM Color",622,BH-C368,139,"DRUM UNIT",312,"DRUM UNIT BLACK C368/C308 (DR313K)","DRUM UNIT BLACK C368/C308 (DR313K)"
"KM Color",622,BH-C368,139,"DRUM UNIT",314,"DRUM UNIT CMY C368/C308 (DR313)","DRUM UNIT CMY C368/C308 (DR313)"
"KM Color",622,BH-C368,139,"DRUM UNIT",316,"DRUM UNIT CMY C368/C308 (DR313)","DRUM UNIT CMY C368/C308 (DR313)"
"KM Color",622,BH-C368,139,"DRUM UNIT",318,"DRUM UNIT CMY C368/C308 (DR313)","DRUM UNIT CMY C368/C308 (DR313)"
"KM Color",622,BH-C368,147,"FUSING UNIT 230V",326,"FUSING UNIT 230V","FUSING UNIT 230V"
"KM Color",622,BH-C368,135,TONER,296,"TONER BLACK C368/C308 (TN324K)","TONER BLACK C368/C308 (TN324K)"
"KM Color",622,BH-C368,135,TONER,302,"TONER CYAN C368/C308 (TN324C)","TONER CYAN C368/C308 (TN324C)"
"KM Color",622,BH-C368,135,TONER,300,"TONER MAGENTA C368/C308 (TN324M)","TONER MAGENTA C368/C308 (TN324M)"
"KM Color",622,BH-C368,135,TONER,298,"TONER YELLOW C368/C308 (TN324Y)","TONER YELLOW C368/C308 (TN324Y)"
"KM Color",622,BH-C368,143,"TRANSFER BELT UNIT",322,"TRANSFER BELT UNIT","TRANSFER BELT UNIT"
"KM Color",622,BH-C368,145,"TRANSFER ROLLER UNIT",324,"TRANSFER ROLLER UNIT","TRANSFER ROLLER UNIT"
"KM Color",622,BH-C368,141,"WASTE TONER BOX",320,"WASTE TONER BOX","WASTE TONER BOX"
"KM Color",624,BH-C3850,151,"IMAGING UNIT",336,"IMAGING UNIT BLACK (IUP22K)","IMAGING UNIT BLACK (IUP22K)"
"KM Color",624,BH-C3850,151,"IMAGING UNIT",342,"IMAGING UNIT CYAN (IUP22C)","IMAGING UNIT CYAN (IUP22C)"
"KM Color",624,BH-C3850,151,"IMAGING UNIT",340,"IMAGING UNIT MAGENTA (IUP22M)","IMAGING UNIT MAGENTA (IUP22M)"
"KM Color",624,BH-C3850,151,"IMAGING UNIT",338,"IMAGING UNIT YELLOW (IUP22Y)","IMAGING UNIT YELLOW (IUP22Y)"
"KM Color",624,BH-C3850,149,TONER,328,"TONER BLACK C3350/C3850 (TNP48K)","TONER BLACK C3350/C3850 (TNP48K)"
"KM Color",624,BH-C3850,149,TONER,334,"TONER CYAN C3350/C3850 (TNP48C)","TONER CYAN C3350/C3850 (TNP48C)"
"KM Color",624,BH-C3850,149,TONER,332,"TONER MAGENTA C3350/C3850 (TNP48M)","TONER MAGENTA C3350/C3850 (TNP48M)"
"KM Color",624,BH-C3850,149,TONER,330,"TONER YELLOW C3350/C3850 (TNP48Y)","TONER YELLOW C3350/C3850 (TNP48Y)"
"KM Color",627,BH-C458,179,"2ND IMAGE TRANSFER ROLLER ASSY",409,"2ND IMAGE TRANSFER ROLLER ASSY","2ND IMAGE TRANSFER ROLLER ASSY"
"KM Color",627,BH-C458,167,DEV,385,"DEV BLACK C458 (DV619K)","DEV BLACK C458 (DV619K)"
"KM Color",627,BH-C458,167,DEV,394,"DEV CYAN C458 (DV619C)","DEV CYAN C458 (DV619C)"
"KM Color",627,BH-C458,167,DEV,391,"DEV MAGENTA C458 (DV619M)","DEV MAGENTA C458 (DV619M)"
"KM Color",627,BH-C458,167,DEV,388,"DEV YELLOW C458 (DV619Y)","DEV YELLOW C458 (DV619Y)"
"KM Color",627,BH-C458,170,"DRUM UNIT",397,"DRUM UNIT BLACK C368/C308/C458 (DR313K)","DRUM UNIT BLACK C368/C308/C458 (DR313K)"
"KM Color",627,BH-C458,170,"DRUM UNIT",400,"DRUM UNIT CMY C368/C308/C458 (DR313)","DRUM UNIT CMY C368/C308/C458 (DR313)"
"KM Color",627,BH-C458,185,"FUSING UNIT",415,"FUSING UNIT FOR BH-C458","FUSING UNIT FOR BH-C458"
"KM Color",627,BH-C458,185,"FUSING UNIT",418,"FUSING UNIT FOR BH-C558/BH-C658","FUSING UNIT FOR BH-C558/BH-C658"
"KM Color",627,BH-C458,182,"INTERMEDIATE IMAGE TRANSFER BELT",412,"INTERMEDIATE IMAGE TRANSFER BELT","INTERMEDIATE IMAGE TRANSFER BELT"
"KM Color",627,BH-C458,1217,Roller,2236,,"Roller ADXG560100"
"KM Color",627,BH-C458,164,TONER,373,"TONER BLACK C458 (TN514K)","TONER BLACK C458 (TN514K)"
"KM Color",627,BH-C458,164,TONER,382,"TONER CYAN C458 (TN514C)","TONER CYAN C458 (TN514C)"
"KM Color",627,BH-C458,164,TONER,379,"TONER MAGENTA C458 (TN514M)","TONER MAGENTA C458 (TN514M)"
"KM Color",627,BH-C458,164,TONER,376,"TONER YELLOW C458 (TN514Y)","TONER YELLOW C458 (TN514Y)"
"KM Color",627,BH-C458,173,"TONER FILTER",403,"TONER FILTER","TONER FILTER"
"KM Color",627,BH-C458,176,"WASTE TONER BOX",406,"WASTE TONER BOX","WASTE TONER BOX"
"KM Color",628,BH-C558,180,"2ND IMAGE TRANSFER ROLLER ASSY",410,"2ND IMAGE TRANSFER ROLLER ASSY","2ND IMAGE TRANSFER ROLLER ASSY"
"KM Color",628,BH-C558,168,DEV,386,"DEV BLACK C458 (DV619K)","DEV BLACK C458 (DV619K)"
"KM Color",628,BH-C558,168,DEV,395,"DEV CYAN C458 (DV619C)","DEV CYAN C458 (DV619C)"
"KM Color",628,BH-C558,168,DEV,392,"DEV MAGENTA C458 (DV619M)","DEV MAGENTA C458 (DV619M)"
"KM Color",628,BH-C558,168,DEV,389,"DEV YELLOW C458 (DV619Y)","DEV YELLOW C458 (DV619Y)"
"KM Color",628,BH-C558,171,"DRUM UNIT",398,"DRUM UNIT BLACK C368/C308/C458 (DR313K)","DRUM UNIT BLACK C368/C308/C458 (DR313K)"
"KM Color",628,BH-C558,171,"DRUM UNIT",401,"DRUM UNIT CMY C368/C308/C458 (DR313)","DRUM UNIT CMY C368/C308/C458 (DR313)"
"KM Color",628,BH-C558,186,"FUSING UNIT",416,"FUSING UNIT FOR BH-C458","FUSING UNIT FOR BH-C458"
"KM Color",628,BH-C558,186,"FUSING UNIT",419,"FUSING UNIT FOR BH-C558/BH-C658","FUSING UNIT FOR BH-C558/BH-C658"
"KM Color",628,BH-C558,183,"INTERMEDIATE IMAGE TRANSFER BELT",413,"INTERMEDIATE IMAGE TRANSFER BELT","INTERMEDIATE IMAGE TRANSFER BELT"
"KM Color",628,BH-C558,165,TONER,374,"TONER BLACK C458 (TN514K)","TONER BLACK C458 (TN514K)"
"KM Color",628,BH-C558,165,TONER,383,"TONER CYAN C458 (TN514C)","TONER CYAN C458 (TN514C)"
"KM Color",628,BH-C558,165,TONER,380,"TONER MAGENTA C458 (TN514M)","TONER MAGENTA C458 (TN514M)"
"KM Color",628,BH-C558,165,TONER,377,"TONER YELLOW C458 (TN514Y)","TONER YELLOW C458 (TN514Y)"
"KM Color",628,BH-C558,174,"TONER FILTER",404,"TONER FILTER","TONER FILTER"
"KM Color",628,BH-C558,177,"WASTE TONER BOX",407,"WASTE TONER BOX","WASTE TONER BOX"
"KM Color",448,BH-C654,401,"DEVELOPING UNIT",805,"DEVELOPING UNIT C754/V654, 654/754( DV711K)","DEVELOPING UNIT C754/V654, 654/754( DV711K)"
"KM Color",448,BH-C654,405,"DRUM UNIT",809,"DRUM UNIT (DR711K) BHC654/C754/654/754","DRUM UNIT (DR711K) BHC654/C754/654/754"
"KM Color",448,BH-C654,421,"FUSING UNIT",829,"FUSING UNIT (FOR BH-C754/BH-C654)","FUSING UNIT (FOR BH-C754/BH-C654)"
"KM Color",448,BH-C654,421,"FUSING UNIT",825,"FUSING UNIT (FOR BH-C754e/BH-C654e)","FUSING UNIT (FOR BH-C754e/BH-C654e)"
"KM Color",448,BH-C654,397,"IMAGING UNIT",801,"IMAGING UNIT CYAN (IU711C)","IMAGING UNIT CYAN (IU711C)"
"KM Color",448,BH-C654,397,"IMAGING UNIT",797,"IMAGING UNIT MAGENTA (IU711M)","IMAGING UNIT MAGENTA (IU711M)"
"KM Color",448,BH-C654,397,"IMAGING UNIT",793,"IMAGING UNIT YELLOW (IU711Y)","IMAGING UNIT YELLOW (IU711Y)"
"KM Color",448,BH-C654,393,TONER,777,"TONER BLACK BHC654/754 (TN711K)(A3VU150)","TONER BLACK BHC654/754 (TN711K)(A3VU150)"
"KM Color",448,BH-C654,393,TONER,785,"TONER CYAN BHC654/754 (TN711C)(A3VU450)","TONER CYAN BHC654/754 (TN711C)(A3VU450)"
"KM Color",448,BH-C654,393,TONER,781,"TONER MAGENTA BHC654/754 (TN711M)A3VU350","TONER MAGENTA BHC654/754 (TN711M)A3VU350"
"KM Color",448,BH-C654,393,TONER,789,"TONER YELLOW BHC654/754 (TN711Y)(A3VU250","TONER YELLOW BHC654/754 (TN711Y)(A3VU250"
"KM Color",448,BH-C654,417,"TRANSFER BELT",821,"TRANSFER BELT UNIT","TRANSFER BELT UNIT"
"KM Color",448,BH-C654,413,"TRANSFER ROLLER",817,"TRANSFER ROLLER UNIT","TRANSFER ROLLER UNIT"
"KM Color",448,BH-C654,409,"WASTE TONER BOX",813,"WASTE TONER BOX","WASTE TONER BOX"
"KM Color",640,BH-C654e,402,"DEVELOPING UNIT",806,"DEVELOPING UNIT C754/V654, 654/754( DV711K)","DEVELOPING UNIT C754/V654, 654/754( DV711K)"
"KM Color",640,BH-C654e,406,"DRUM UNIT",810,"DRUM UNIT (DR711K) BHC654/C754/654/754","DRUM UNIT (DR711K) BHC654/C754/654/754"
"KM Color",640,BH-C654e,422,"FUSING UNIT",830,"FUSING UNIT (FOR BH-C754/BH-C654)","FUSING UNIT (FOR BH-C754/BH-C654)"
"KM Color",640,BH-C654e,422,"FUSING UNIT",826,"FUSING UNIT (FOR BH-C754e/BH-C654e)","FUSING UNIT (FOR BH-C754e/BH-C654e)"
"KM Color",640,BH-C654e,398,"IMAGING UNIT",802,"IMAGING UNIT CYAN (IU711C)","IMAGING UNIT CYAN (IU711C)"
"KM Color",640,BH-C654e,398,"IMAGING UNIT",798,"IMAGING UNIT MAGENTA (IU711M)","IMAGING UNIT MAGENTA (IU711M)"
"KM Color",640,BH-C654e,398,"IMAGING UNIT",794,"IMAGING UNIT YELLOW (IU711Y)","IMAGING UNIT YELLOW (IU711Y)"
"KM Color",640,BH-C654e,394,TONER,778,"TONER BLACK BHC654/754 (TN711K)(A3VU150)","TONER BLACK BHC654/754 (TN711K)(A3VU150)"
"KM Color",640,BH-C654e,394,TONER,786,"TONER CYAN BHC654/754 (TN711C)(A3VU450)","TONER CYAN BHC654/754 (TN711C)(A3VU450)"
"KM Color",640,BH-C654e,394,TONER,782,"TONER MAGENTA BHC654/754 (TN711M)A3VU350","TONER MAGENTA BHC654/754 (TN711M)A3VU350"
"KM Color",640,BH-C654e,394,TONER,790,"TONER YELLOW BHC654/754 (TN711Y)(A3VU250","TONER YELLOW BHC654/754 (TN711Y)(A3VU250"
"KM Color",640,BH-C654e,418,"TRANSFER BELT",822,"TRANSFER BELT UNIT","TRANSFER BELT UNIT"
"KM Color",640,BH-C654e,414,"TRANSFER ROLLER",818,"TRANSFER ROLLER UNIT","TRANSFER ROLLER UNIT"
"KM Color",640,BH-C654e,410,"WASTE TONER BOX",814,"WASTE TONER BOX","WASTE TONER BOX"
"KM Color",629,BH-C658,181,"2ND IMAGE TRANSFER ROLLER ASSY",411,"2ND IMAGE TRANSFER ROLLER ASSY","2ND IMAGE TRANSFER ROLLER ASSY"
"KM Color",629,BH-C658,169,DEV,387,"DEV BLACK C458 (DV619K)","DEV BLACK C458 (DV619K)"
"KM Color",629,BH-C658,169,DEV,396,"DEV CYAN C458 (DV619C)","DEV CYAN C458 (DV619C)"
"KM Color",629,BH-C658,169,DEV,393,"DEV MAGENTA C458 (DV619M)","DEV MAGENTA C458 (DV619M)"
"KM Color",629,BH-C658,169,DEV,390,"DEV YELLOW C458 (DV619Y)","DEV YELLOW C458 (DV619Y)"
"KM Color",629,BH-C658,172,"DRUM UNIT",399,"DRUM UNIT BLACK C368/C308/C458 (DR313K)","DRUM UNIT BLACK C368/C308/C458 (DR313K)"
"KM Color",629,BH-C658,172,"DRUM UNIT",402,"DRUM UNIT CMY C368/C308/C458 (DR313)","DRUM UNIT CMY C368/C308/C458 (DR313)"
"KM Color",629,BH-C658,187,"FUSING UNIT",417,"FUSING UNIT FOR BH-C458","FUSING UNIT FOR BH-C458"
"KM Color",629,BH-C658,187,"FUSING UNIT",420,"FUSING UNIT FOR BH-C558/BH-C658","FUSING UNIT FOR BH-C558/BH-C658"
"KM Color",629,BH-C658,184,"INTERMEDIATE IMAGE TRANSFER BELT",414,"INTERMEDIATE IMAGE TRANSFER BELT","INTERMEDIATE IMAGE TRANSFER BELT"
"KM Color",629,BH-C658,166,TONER,375,"TONER BLACK C458 (TN514K)","TONER BLACK C458 (TN514K)"
"KM Color",629,BH-C658,166,TONER,384,"TONER CYAN C458 (TN514C)","TONER CYAN C458 (TN514C)"
"KM Color",629,BH-C658,166,TONER,381,"TONER MAGENTA C458 (TN514M)","TONER MAGENTA C458 (TN514M)"
"KM Color",629,BH-C658,166,TONER,378,"TONER YELLOW C458 (TN514Y)","TONER YELLOW C458 (TN514Y)"
"KM Color",629,BH-C658,175,"TONER FILTER",405,"TONER FILTER","TONER FILTER"
"KM Color",629,BH-C658,178,"WASTE TONER BOX",408,"WASTE TONER BOX","WASTE TONER BOX"
"KM Color",641,BH-C754,403,"DEVELOPING UNIT",807,"DEVELOPING UNIT C754/V654, 654/754( DV711K)","DEVELOPING UNIT C754/V654, 654/754( DV711K)"
"KM Color",641,BH-C754,407,"DRUM UNIT",811,"DRUM UNIT (DR711K) BHC654/C754/654/754","DRUM UNIT (DR711K) BHC654/C754/654/754"
"KM Color",641,BH-C754,423,"FUSING UNIT",831,"FUSING UNIT (FOR BH-C754/BH-C654)","FUSING UNIT (FOR BH-C754/BH-C654)"
"KM Color",641,BH-C754,423,"FUSING UNIT",827,"FUSING UNIT (FOR BH-C754e/BH-C654e)","FUSING UNIT (FOR BH-C754e/BH-C654e)"
"KM Color",641,BH-C754,399,"IMAGING UNIT",803,"IMAGING UNIT CYAN (IU711C)","IMAGING UNIT CYAN (IU711C)"
"KM Color",641,BH-C754,399,"IMAGING UNIT",799,"IMAGING UNIT MAGENTA (IU711M)","IMAGING UNIT MAGENTA (IU711M)"
"KM Color",641,BH-C754,399,"IMAGING UNIT",795,"IMAGING UNIT YELLOW (IU711Y)","IMAGING UNIT YELLOW (IU711Y)"
"KM Color",641,BH-C754,395,TONER,779,"TONER BLACK BHC654/754 (TN711K)(A3VU150)","TONER BLACK BHC654/754 (TN711K)(A3VU150)"
"KM Color",641,BH-C754,395,TONER,787,"TONER CYAN BHC654/754 (TN711C)(A3VU450)","TONER CYAN BHC654/754 (TN711C)(A3VU450)"
"KM Color",641,BH-C754,395,TONER,783,"TONER MAGENTA BHC654/754 (TN711M)A3VU350","TONER MAGENTA BHC654/754 (TN711M)A3VU350"
"KM Color",641,BH-C754,395,TONER,791,"TONER YELLOW BHC654/754 (TN711Y)(A3VU250","TONER YELLOW BHC654/754 (TN711Y)(A3VU250"
"KM Color",641,BH-C754,419,"TRANSFER BELT",823,"TRANSFER BELT UNIT","TRANSFER BELT UNIT"
"KM Color",641,BH-C754,415,"TRANSFER ROLLER",819,"TRANSFER ROLLER UNIT","TRANSFER ROLLER UNIT"
"KM Color",641,BH-C754,411,"WASTE TONER BOX",815,"WASTE TONER BOX","WASTE TONER BOX"
"KM Color",642,BH-C754e,404,"DEVELOPING UNIT",808,"DEVELOPING UNIT C754/V654, 654/754( DV711K)","DEVELOPING UNIT C754/V654, 654/754( DV711K)"
"KM Color",642,BH-C754e,408,"DRUM UNIT",812,"DRUM UNIT (DR711K) BHC654/C754/654/754","DRUM UNIT (DR711K) BHC654/C754/654/754"
"KM Color",642,BH-C754e,424,"FUSING UNIT",832,"FUSING UNIT (FOR BH-C754/BH-C654)","FUSING UNIT (FOR BH-C754/BH-C654)"
"KM Color",642,BH-C754e,424,"FUSING UNIT",828,"FUSING UNIT (FOR BH-C754e/BH-C654e)","FUSING UNIT (FOR BH-C754e/BH-C654e)"
"KM Color",642,BH-C754e,400,"IMAGING UNIT",804,"IMAGING UNIT CYAN (IU711C)","IMAGING UNIT CYAN (IU711C)"
"KM Color",642,BH-C754e,400,"IMAGING UNIT",800,"IMAGING UNIT MAGENTA (IU711M)","IMAGING UNIT MAGENTA (IU711M)"
"KM Color",642,BH-C754e,400,"IMAGING UNIT",796,"IMAGING UNIT YELLOW (IU711Y)","IMAGING UNIT YELLOW (IU711Y)"
"KM Color",642,BH-C754e,396,TONER,780,"TONER BLACK BHC654/754 (TN711K)(A3VU150)","TONER BLACK BHC654/754 (TN711K)(A3VU150)"
"KM Color",642,BH-C754e,396,TONER,788,"TONER CYAN BHC654/754 (TN711C)(A3VU450)","TONER CYAN BHC654/754 (TN711C)(A3VU450)"
"KM Color",642,BH-C754e,396,TONER,784,"TONER MAGENTA BHC654/754 (TN711M)A3VU350","TONER MAGENTA BHC654/754 (TN711M)A3VU350"
"KM Color",642,BH-C754e,396,TONER,792,"TONER YELLOW BHC654/754 (TN711Y)(A3VU250","TONER YELLOW BHC654/754 (TN711Y)(A3VU250"
"KM Color",642,BH-C754e,420,"TRANSFER BELT",824,"TRANSFER BELT UNIT","TRANSFER BELT UNIT"
"KM Color",642,BH-C754e,416,"TRANSFER ROLLER",820,"TRANSFER ROLLER UNIT","TRANSFER ROLLER UNIT"
"KM Color",642,BH-C754e,412,"WASTE TONER BOX",816,"WASTE TONER BOX","WASTE TONER BOX"
"KM Color",417,BH600,129,"STAPLE WIRE",283,"STAPLE WIRE","STAPLE WIRE"
"KM Color",631,BHC227,195,"DEV UNIT",440,"DEV UNIT DV214","DEV UNIT DV214"
"KM Color",631,BHC227,199,"DRUM UNIT DR214K",448,"DRUM UNIT DR214K","DRUM UNIT DR214K"
"KM Color",631,BHC227,207,"FUSING UNIT",456,"FUSING UNIT","FUSING UNIT"
"KM Color",631,BHC227,197,"IMAGING UNIT",442,"IMAGING UNIT IU214C","IMAGING UNIT IU214C"
"KM Color",631,BHC227,197,"IMAGING UNIT",444,"IMAGING UNIT IU214M","IMAGING UNIT IU214M"
"KM Color",631,BHC227,197,"IMAGING UNIT",446,"IMAGING UNIT IU214Y","IMAGING UNIT IU214Y"
"KM Color",631,BHC227,193,TONER,432,"TONER BLACK C287/C227 (TN221K)","TONER BLACK C287/C227 (TN221K)"
"KM Color",631,BHC227,193,TONER,438,"TONER CYAN C287/C227 (TN221C)","TONER CYAN C287/C227 (TN221C)"
"KM Color",631,BHC227,193,TONER,436,"TONER MAGENTA C287/C227 (TN221M)","TONER MAGENTA C287/C227 (TN221M)"
"KM Color",631,BHC227,193,TONER,434,"TONER YELLOW C287/C227 (TN221Y)","TONER YELLOW C287/C227 (TN221Y)"
"KM Color",631,BHC227,203,"TRANSFER BELT UNIT",452,"TRANSFER BELT UNIT","TRANSFER BELT UNIT"
"KM Color",631,BHC227,205,"TRANSFER ROLLER UNIT",454,"TRANSFER ROLLER UNIT","TRANSFER ROLLER UNIT"
"KM Color",631,BHC227,201,"WASTE TONER BOX",450,"WASTE TONER BOX","WASTE TONER BOX"
"KM Color",632,BHC287,196,"DEV UNIT",441,"DEV UNIT DV214","DEV UNIT DV214"
"KM Color",632,BHC287,200,"DRUM UNIT DR214K",449,"DRUM UNIT DR214K","DRUM UNIT DR214K"
"KM Color",632,BHC287,208,"FUSING UNIT",457,"FUSING UNIT","FUSING UNIT"
"KM Color",632,BHC287,198,"IMAGING UNIT",443,"IMAGING UNIT IU214C","IMAGING UNIT IU214C"
"KM Color",632,BHC287,198,"IMAGING UNIT",445,"IMAGING UNIT IU214M","IMAGING UNIT IU214M"
"KM Color",632,BHC287,198,"IMAGING UNIT",447,"IMAGING UNIT IU214Y","IMAGING UNIT IU214Y"
"KM Color",632,BHC287,194,TONER,433,"TONER BLACK C287/C227 (TN221K)","TONER BLACK C287/C227 (TN221K)"
"KM Color",632,BHC287,194,TONER,439,"TONER CYAN C287/C227 (TN221C)","TONER CYAN C287/C227 (TN221C)"
"KM Color",632,BHC287,194,TONER,437,"TONER MAGENTA C287/C227 (TN221M)","TONER MAGENTA C287/C227 (TN221M)"
"KM Color",632,BHC287,194,TONER,435,"TONER YELLOW C287/C227 (TN221Y)","TONER YELLOW C287/C227 (TN221Y)"
"KM Color",632,BHC287,204,"TRANSFER BELT UNIT",453,"TRANSFER BELT UNIT","TRANSFER BELT UNIT"
"KM Color",632,BHC287,206,"TRANSFER ROLLER UNIT",455,"TRANSFER ROLLER UNIT","TRANSFER ROLLER UNIT"
"KM Color",632,BHC287,202,"WASTE TONER BOX",451,"WASTE TONER BOX","WASTE TONER BOX"
"KM Color",445,BHC3350i,357,"IMAGING UNIT",720,"IMAGING UNIT BLACK (IUP35K)","IMAGING UNIT BLACK (IUP35K)"
"KM Color",445,BHC3350i,357,"IMAGING UNIT",722,"IMAGING UNIT CYAN (IUP35C)","IMAGING UNIT CYAN (IUP35C)"
"KM Color",445,BHC3350i,357,"IMAGING UNIT",724,"IMAGING UNIT MAGENTA (IUP35M)","IMAGING UNIT MAGENTA (IUP35M)"
"KM Color",445,BHC3350i,357,"IMAGING UNIT",726,"IMAGING UNIT YELLOW (IUP35Y)","IMAGING UNIT YELLOW (IUP35Y)"
"KM Color",445,BHC3350i,355,TONER,712,"TONER BLACK (TNP79K)","TONER BLACK (TNP79K)"
"KM Color",445,BHC3350i,355,TONER,718,"TONER CYAN (TNP79C)","TONER CYAN (TNP79C)"
"KM Color",445,BHC3350i,355,TONER,716,"TONER MAGENTA (TNP79M)","TONER MAGENTA (TNP79M)"
"KM Color",445,BHC3350i,355,TONER,714,"TONER YELLOW (TNP79Y)","TONER YELLOW (TNP79Y)"
"KM Color",444,BHC4050i,356,"IMAGING UNIT",719,"IMAGING UNIT BLACK (IUP35K)","IMAGING UNIT BLACK (IUP35K)"
"KM Color",444,BHC4050i,356,"IMAGING UNIT",721,"IMAGING UNIT CYAN (IUP35C)","IMAGING UNIT CYAN (IUP35C)"
"KM Color",444,BHC4050i,356,"IMAGING UNIT",723,"IMAGING UNIT MAGENTA (IUP35M)","IMAGING UNIT MAGENTA (IUP35M)"
"KM Color",444,BHC4050i,356,"IMAGING UNIT",725,"IMAGING UNIT YELLOW (IUP35Y)","IMAGING UNIT YELLOW (IUP35Y)"
"KM Color",444,BHC4050i,354,TONER,711,"TONER BLACK (TNP79K)","TONER BLACK (TNP79K)"
"KM Color",444,BHC4050i,354,TONER,717,"TONER CYAN (TNP79C)","TONER CYAN (TNP79C)"
"KM Color",444,BHC4050i,354,TONER,715,"TONER MAGENTA (TNP79M)","TONER MAGENTA (TNP79M)"
"KM Color",444,BHC4050i,354,TONER,713,"TONER YELLOW (TNP79Y)","TONER YELLOW (TNP79Y)"
"KM Color",638,BHC450i,336,"2nd Image Transfer Roller Assy",681,"2nd Image Transfer Roller Assy","2nd Image Transfer Roller Assy"
"KM Color",638,BHC450i,320,"DEV UNIT",649,"DEV UNIT BLACK  (DV621K)","DEV UNIT BLACK  (DV621K)"
"KM Color",638,BHC450i,320,"DEV UNIT",661,"DEV UNIT CYAN  (DV621C)","DEV UNIT CYAN  (DV621C)"
"KM Color",638,BHC450i,320,"DEV UNIT",657,"DEV UNIT MAGENTA (DV621M)","DEV UNIT MAGENTA (DV621M)"
"KM Color",638,BHC450i,320,"DEV UNIT",653,"DEV UNIT YELLOW  (DV621Y)","DEV UNIT YELLOW  (DV621Y)"
"KM Color",638,BHC450i,324,"DRUM UNIT",669,"DRUM UNIT  DR618CMY","DRUM UNIT  DR618CMY"
"KM Color",638,BHC450i,324,"DRUM UNIT",665,"DRUM UNIT  DR618K","DRUM UNIT  DR618K"
"KM Color",638,BHC450i,344,"FUSING UNIT",689,"FUSING UNIT ASSY (230V) for BHC450i","FUSING UNIT ASSY (230V) for BHC450i"
"KM Color",638,BHC450i,344,"FUSING UNIT",693,"FUSING UNIT ASSY (230V) for BHC550i and C650i","FUSING UNIT ASSY (230V) for BHC550i and C650i"
"KM Color",638,BHC450i,340,"Intermediate Image Transfer Unit",685,"Intermediate Image Transfer Unit","Intermediate Image Transfer Unit"
"KM Color",638,BHC450i,316,TONER,633,"TONER BLACK (TN626K)","TONER BLACK (TN626K)"
"KM Color",638,BHC450i,316,TONER,645,"TONER CYAN (TN626C)","TONER CYAN (TN626C)"
"KM Color",638,BHC450i,316,TONER,641,"TONER MAGENTA (TN626M)","TONER MAGENTA (TN626M)"
"KM Color",638,BHC450i,316,TONER,637,"TONER YELLOW (TN626Y)","TONER YELLOW (TN626Y)"
"KM Color",638,BHC450i,328,"Toner Filter Assy",673,"Toner Filter Assy","Toner Filter Assy"
"KM Color",638,BHC450i,332,"Waste toner box ",677,"Waste toner box ","Waste toner box "
"KM Color",637,BHC550i,335,"2nd Image Transfer Roller Assy",680,"2nd Image Transfer Roller Assy","2nd Image Transfer Roller Assy"
"KM Color",637,BHC550i,319,"DEV UNIT",648,"DEV UNIT BLACK  (DV621K)","DEV UNIT BLACK  (DV621K)"
"KM Color",637,BHC550i,319,"DEV UNIT",660,"DEV UNIT CYAN  (DV621C)","DEV UNIT CYAN  (DV621C)"
"KM Color",637,BHC550i,319,"DEV UNIT",656,"DEV UNIT MAGENTA (DV621M)","DEV UNIT MAGENTA (DV621M)"
"KM Color",637,BHC550i,319,"DEV UNIT",652,"DEV UNIT YELLOW  (DV621Y)","DEV UNIT YELLOW  (DV621Y)"
"KM Color",637,BHC550i,323,"DRUM UNIT",668,"DRUM UNIT  DR618CMY","DRUM UNIT  DR618CMY"
"KM Color",637,BHC550i,323,"DRUM UNIT",664,"DRUM UNIT  DR618K","DRUM UNIT  DR618K"
"KM Color",637,BHC550i,343,"FUSING UNIT",688,"FUSING UNIT ASSY (230V) for BHC450i","FUSING UNIT ASSY (230V) for BHC450i"
"KM Color",637,BHC550i,343,"FUSING UNIT",692,"FUSING UNIT ASSY (230V) for BHC550i and C650i","FUSING UNIT ASSY (230V) for BHC550i and C650i"
"KM Color",637,BHC550i,339,"Intermediate Image Transfer Unit",684,"Intermediate Image Transfer Unit","Intermediate Image Transfer Unit"
"KM Color",637,BHC550i,315,TONER,632,"TONER BLACK (TN626K)","TONER BLACK (TN626K)"
"KM Color",637,BHC550i,315,TONER,644,"TONER CYAN (TN626C)","TONER CYAN (TN626C)"
"KM Color",637,BHC550i,315,TONER,640,"TONER MAGENTA (TN626M)","TONER MAGENTA (TN626M)"
"KM Color",637,BHC550i,315,TONER,636,"TONER YELLOW (TN626Y)","TONER YELLOW (TN626Y)"
"KM Color",637,BHC550i,327,"Toner Filter Assy",672,"Toner Filter Assy","Toner Filter Assy"
"KM Color",637,BHC550i,331,"Waste toner box ",676,"Waste toner box ","Waste toner box "
"KM Color",639,BHC551i,337,"2nd Image Transfer Roller Assy",682,"2nd Image Transfer Roller Assy","2nd Image Transfer Roller Assy"
"KM Color",639,BHC551i,321,"DEV UNIT",650,"DEV UNIT BLACK  (DV621K)","DEV UNIT BLACK  (DV621K)"
"KM Color",639,BHC551i,321,"DEV UNIT",662,"DEV UNIT CYAN  (DV621C)","DEV UNIT CYAN  (DV621C)"
"KM Color",639,BHC551i,321,"DEV UNIT",658,"DEV UNIT MAGENTA (DV621M)","DEV UNIT MAGENTA (DV621M)"
"KM Color",639,BHC551i,321,"DEV UNIT",654,"DEV UNIT YELLOW  (DV621Y)","DEV UNIT YELLOW  (DV621Y)"
"KM Color",639,BHC551i,325,"DRUM UNIT",670,"DRUM UNIT  DR618CMY","DRUM UNIT  DR618CMY"
"KM Color",639,BHC551i,325,"DRUM UNIT",666,"DRUM UNIT  DR618K","DRUM UNIT  DR618K"
"KM Color",639,BHC551i,345,"FUSING UNIT",690,"FUSING UNIT ASSY (230V) for BHC450i","FUSING UNIT ASSY (230V) for BHC450i"
"KM Color",639,BHC551i,345,"FUSING UNIT",694,"FUSING UNIT ASSY (230V) for BHC550i and C650i","FUSING UNIT ASSY (230V) for BHC550i and C650i"
"KM Color",639,BHC551i,341,"Intermediate Image Transfer Unit",686,"Intermediate Image Transfer Unit","Intermediate Image Transfer Unit"
"KM Color",639,BHC551i,317,TONER,634,"TONER BLACK (TN626K)","TONER BLACK (TN626K)"
"KM Color",639,BHC551i,317,TONER,646,"TONER CYAN (TN626C)","TONER CYAN (TN626C)"
"KM Color",639,BHC551i,317,TONER,642,"TONER MAGENTA (TN626M)","TONER MAGENTA (TN626M)"
"KM Color",639,BHC551i,317,TONER,638,"TONER YELLOW (TN626Y)","TONER YELLOW (TN626Y)"
"KM Color",639,BHC551i,329,"Toner Filter Assy",674,"Toner Filter Assy","Toner Filter Assy"
"KM Color",639,BHC551i,333,"Waste toner box ",678,"Waste toner box ","Waste toner box "
"KM Color",439,BHC650i,334,"2nd Image Transfer Roller Assy",679,"2nd Image Transfer Roller Assy","2nd Image Transfer Roller Assy"
"KM Color",439,BHC650i,318,"DEV UNIT",647,"DEV UNIT BLACK  (DV621K)","DEV UNIT BLACK  (DV621K)"
"KM Color",439,BHC650i,318,"DEV UNIT",659,"DEV UNIT CYAN  (DV621C)","DEV UNIT CYAN  (DV621C)"
"KM Color",439,BHC650i,318,"DEV UNIT",655,"DEV UNIT MAGENTA (DV621M)","DEV UNIT MAGENTA (DV621M)"
"KM Color",439,BHC650i,318,"DEV UNIT",651,"DEV UNIT YELLOW  (DV621Y)","DEV UNIT YELLOW  (DV621Y)"
"KM Color",439,BHC650i,322,"DRUM UNIT",667,"DRUM UNIT  DR618CMY","DRUM UNIT  DR618CMY"
"KM Color",439,BHC650i,322,"DRUM UNIT",663,"DRUM UNIT  DR618K","DRUM UNIT  DR618K"
"KM Color",439,BHC650i,342,"FUSING UNIT",687,"FUSING UNIT ASSY (230V) for BHC450i","FUSING UNIT ASSY (230V) for BHC450i"
"KM Color",439,BHC650i,342,"FUSING UNIT",691,"FUSING UNIT ASSY (230V) for BHC550i and C650i","FUSING UNIT ASSY (230V) for BHC550i and C650i"
"KM Color",439,BHC650i,338,"Intermediate Image Transfer Unit",683,"Intermediate Image Transfer Unit","Intermediate Image Transfer Unit"
"KM Color",439,BHC650i,314,TONER,631,"TONER BLACK (TN626K)","TONER BLACK (TN626K)"
"KM Color",439,BHC650i,314,TONER,643,"TONER CYAN (TN626C)","TONER CYAN (TN626C)"
"KM Color",439,BHC650i,314,TONER,639,"TONER MAGENTA (TN626M)","TONER MAGENTA (TN626M)"
"KM Color",439,BHC650i,314,TONER,635,"TONER YELLOW (TN626Y)","TONER YELLOW (TN626Y)"
"KM Color",439,BHC650i,326,"Toner Filter Assy",671,"Toner Filter Assy","Toner Filter Assy"
"KM Color",439,BHC650i,330,"Waste toner box ",675,"Waste toner box ","Waste toner box "
"KM Color",443,BHC750i,347,"DEV UNIT",699,"DEV UNIT BLACK  (DV621K)","DEV UNIT BLACK  (DV621K)"
"KM Color",443,BHC750i,347,"DEV UNIT",702,"DEV UNIT CYAN  (DV621C)","DEV UNIT CYAN  (DV621C)"
"KM Color",443,BHC750i,347,"DEV UNIT",701,"DEV UNIT MAGENTA (DV621M)","DEV UNIT MAGENTA (DV621M)"
"KM Color",443,BHC750i,347,"DEV UNIT",700,"DEV UNIT YELLOW  (DV621Y)","DEV UNIT YELLOW  (DV621Y)"
"KM Color",443,BHC750i,348,"DRUM UNIT",704,"DRUM UNIT  DR618CMY","DRUM UNIT  DR618CMY"
"KM Color",443,BHC750i,348,"DRUM UNIT",703,"DRUM UNIT  DR618K","DRUM UNIT  DR618K"
"KM Color",443,BHC750i,353,"FUSING UNIT",710,"FUSING UNIT","FUSING UNIT"
"KM Color",443,BHC750i,346,TONER,695,"TONER BLACK (TN715K)","TONER BLACK (TN715K)"
"KM Color",443,BHC750i,346,TONER,698,"TONER CYAN (TN715C)","TONER CYAN (TN715C)"
"KM Color",443,BHC750i,346,TONER,697,"TONER MAGENTA (TN715M)","TONER MAGENTA (TN715M)"
"KM Color",443,BHC750i,346,TONER,696,"TONER YELLOW (TN715Y)","TONER YELLOW (TN715Y)"
"KM Color",443,BHC750i,349,"TONER FILTER",706,"TONER FILTER (CMY)","TONER FILTER (CMY)"
"KM Color",443,BHC750i,349,"TONER FILTER",705,"TONER FILTER / K","TONER FILTER / K"
"KM Color",443,BHC750i,352,"TRANSFER BELT UNIT",709,"TRANSFER BELT UNIT","TRANSFER BELT UNIT"
"KM Color",443,BHC750i,351,"TRANSFER ROLLER UNIT",708,"TRANSFER ROLLER UNIT","TRANSFER ROLLER UNIT"
"KM Color",443,BHC750i,350,"WASTE TONER BOX",707,"WASTE TONER BOX","WASTE TONER BOX"
"KM Color",435,C1060,266,"1st transfer rollers",571,"1st transfer rollers CMYK","1st transfer rollers CMYK"
"KM Color",435,C1060,298,"2nd transfer rolers / low",607,"2nd transfer rolers / low","2nd transfer rolers / low"
"KM Color",435,C1060,258,"2nd transfer roller / upper",563,"2nd transfer roller / upper","2nd transfer roller / upper"
"KM Color",435,C1060,262,"BELT CLEANING BLADE",567,"BELT CLEANING BLADE","BELT CLEANING BLADE"
"KM Color",435,C1060,250,"CHARGING CORONA UNIT",555,"CHARGING CORONA UNIT","CHARGING CORONA UNIT"
"KM Color",435,C1060,246,"DEV UNIT",539,"DEV BLACK BHC1060 (DV614K) /C71","DEV BLACK BHC1060 (DV614K) /C71"
"KM Color",435,C1060,246,"DEV UNIT",551,"DEV CYAN BHC1060 (DV614C)","DEV CYAN BHC1060 (DV614C)"
"KM Color",435,C1060,246,"DEV UNIT",547,"DEV MAGENTA BHC1060 (DV614M)","DEV MAGENTA BHC1060 (DV614M)"
"KM Color",435,C1060,246,"DEV UNIT",543,"DEV YELLOW BHC1060 (DV614Y) / C71","DEV YELLOW BHC1060 (DV614Y) / C71"
"KM Color",435,C1060,274,"Deve. Dust-proof Filter",579,"Deve. Dust-proof Filter/1","Deve. Dust-proof Filter/1"
"KM Color",435,C1060,274,"Deve. Dust-proof Filter",583,"Deve. Dust-proof Filter/2","Deve. Dust-proof Filter/2"
"KM Color",435,C1060,242,"DRUM UNIT BHC1070/C1060 DU105 (CMYK)",535,"DRUM UNIT BHC1070/C1060 DU105 (CMYK)","DRUM UNIT BHC1070/C1060 DU105 (CMYK)"
"KM Color",435,C1060,282,"Filter Box",591,"Filter Box","Filter Box"
"KM Color",435,C1060,270,"FUSING BELT",575,"FUSING BELT","FUSING BELT"
"KM Color",435,C1060,306,"FUSING GEAR",615,"fusing gear /1","fusing gear /1"
"KM Color",435,C1060,306,"FUSING GEAR",619,"fusing gear /3","fusing gear /3"
"KM Color",435,C1060,290,"Heat insulating sleeve lower",599,"Heat insulating sleeve lower","Heat insulating sleeve lower"
"KM Color",435,C1060,254,"intermediate transfer belt",559,"intermediate transfer belt","intermediate transfer belt"
"KM Color",435,C1060,294,"Paper feed roller rubber",603,"Paper feed roller rubber","Paper feed roller rubber"
"KM Color",435,C1060,302,"separation dischrage assy",611,"separation dischrage assy","separation dischrage assy"
"KM Color",435,C1060,310,"Side Seal",627,"Side Seal","Side Seal"
"KM Color",435,C1060,278,"suction dust-proof filter",587,"suction dust-proof filter","suction dust-proof filter"
"KM Color",435,C1060,238,TONER,519,"TONER BLACK","TONER BLACK"
"KM Color",435,C1060,238,TONER,623,"Toner Collection Sheet","Toner Collection Sheet"
"KM Color",435,C1060,238,TONER,531,"TONER CYAN","TONER CYAN"
"KM Color",435,C1060,238,TONER,527,"TONER MAGENTA","TONER MAGENTA"
"KM Color",435,C1060,238,TONER,523,"TONER YELLOW","TONER YELLOW"
"KM Color",435,C1060,286,"Waste toner box",595,"Waste toner box","Waste toner box"
"KM Color",436,C1070,267,"1st transfer rollers",572,"1st transfer rollers CMYK","1st transfer rollers CMYK"
"KM Color",436,C1070,299,"2nd transfer rolers / low",608,"2nd transfer rolers / low","2nd transfer rolers / low"
"KM Color",436,C1070,259,"2nd transfer roller / upper",564,"2nd transfer roller / upper","2nd transfer roller / upper"
"KM Color",436,C1070,263,"BELT CLEANING BLADE",568,"BELT CLEANING BLADE","BELT CLEANING BLADE"
"KM Color",436,C1070,251,"CHARGING CORONA UNIT",556,"CHARGING CORONA UNIT","CHARGING CORONA UNIT"
"KM Color",436,C1070,247,"DEV UNIT",540,"DEV BLACK BHC1060 (DV614K) /C71","DEV BLACK BHC1060 (DV614K) /C71"
"KM Color",436,C1070,247,"DEV UNIT",552,"DEV CYAN BHC1060 (DV614C)","DEV CYAN BHC1060 (DV614C)"
"KM Color",436,C1070,247,"DEV UNIT",548,"DEV MAGENTA BHC1060 (DV614M)","DEV MAGENTA BHC1060 (DV614M)"
"KM Color",436,C1070,247,"DEV UNIT",544,"DEV YELLOW BHC1060 (DV614Y) / C71","DEV YELLOW BHC1060 (DV614Y) / C71"
"KM Color",436,C1070,275,"Deve. Dust-proof Filter",580,"Deve. Dust-proof Filter/1","Deve. Dust-proof Filter/1"
"KM Color",436,C1070,275,"Deve. Dust-proof Filter",584,"Deve. Dust-proof Filter/2","Deve. Dust-proof Filter/2"
"KM Color",436,C1070,243,"DRUM UNIT BHC1070/C1060 DU105 (CMYK)",536,"DRUM UNIT BHC1070/C1060 DU105 (CMYK)","DRUM UNIT BHC1070/C1060 DU105 (CMYK)"
"KM Color",436,C1070,283,"Filter Box",592,"Filter Box","Filter Box"
"KM Color",436,C1070,271,"FUSING BELT",576,"FUSING BELT","FUSING BELT"
"KM Color",436,C1070,307,"FUSING GEAR",616,"fusing gear /1","fusing gear /1"
"KM Color",436,C1070,307,"FUSING GEAR",620,"fusing gear /3","fusing gear /3"
"KM Color",436,C1070,291,"Heat insulating sleeve lower",600,"Heat insulating sleeve lower","Heat insulating sleeve lower"
"KM Color",436,C1070,255,"intermediate transfer belt",560,"intermediate transfer belt","intermediate transfer belt"
"KM Color",436,C1070,295,"Paper feed roller rubber",604,"Paper feed roller rubber","Paper feed roller rubber"
"KM Color",436,C1070,303,"separation dischrage assy",612,"separation dischrage assy","separation dischrage assy"
"KM Color",436,C1070,311,"Side Seal",628,"Side Seal","Side Seal"
"KM Color",436,C1070,279,"suction dust-proof filter",588,"suction dust-proof filter","suction dust-proof filter"
"KM Color",436,C1070,239,TONER,520,"TONER BLACK","TONER BLACK"
"KM Color",436,C1070,239,TONER,624,"Toner Collection Sheet","Toner Collection Sheet"
"KM Color",436,C1070,239,TONER,532,"TONER CYAN","TONER CYAN"
"KM Color",436,C1070,239,TONER,528,"TONER MAGENTA","TONER MAGENTA"
"KM Color",436,C1070,239,TONER,524,"TONER YELLOW","TONER YELLOW"
"KM Color",436,C1070,287,"Waste toner box",596,"Waste toner box","Waste toner box"
"KM Color",437,C2060,268,"1st transfer rollers",573,"1st transfer rollers CMYK","1st transfer rollers CMYK"
"KM Color",437,C2060,300,"2nd transfer rolers / low",609,"2nd transfer rolers / low","2nd transfer rolers / low"
"KM Color",437,C2060,260,"2nd transfer roller / upper",565,"2nd transfer roller / upper","2nd transfer roller / upper"
"KM Color",437,C2060,264,"BELT CLEANING BLADE",569,"BELT CLEANING BLADE","BELT CLEANING BLADE"
"KM Color",437,C2060,252,"CHARGING CORONA UNIT",557,"CHARGING CORONA UNIT","CHARGING CORONA UNIT"
"KM Color",437,C2060,248,"DEV UNIT",541,"DEV BLACK BHC1060 (DV614K) /C71","DEV BLACK BHC1060 (DV614K) /C71"
"KM Color",437,C2060,248,"DEV UNIT",553,"DEV CYAN BHC1060 (DV614C)","DEV CYAN BHC1060 (DV614C)"
"KM Color",437,C2060,248,"DEV UNIT",549,"DEV MAGENTA BHC1060 (DV614M)","DEV MAGENTA BHC1060 (DV614M)"
"KM Color",437,C2060,248,"DEV UNIT",545,"DEV YELLOW BHC1060 (DV614Y) / C71","DEV YELLOW BHC1060 (DV614Y) / C71"
"KM Color",437,C2060,276,"Deve. Dust-proof Filter",581,"Deve. Dust-proof Filter/1","Deve. Dust-proof Filter/1"
"KM Color",437,C2060,276,"Deve. Dust-proof Filter",585,"Deve. Dust-proof Filter/2","Deve. Dust-proof Filter/2"
"KM Color",437,C2060,244,"DRUM UNIT BHC1070/C1060 DU105 (CMYK)",537,"DRUM UNIT BHC1070/C1060 DU105 (CMYK)","DRUM UNIT BHC1070/C1060 DU105 (CMYK)"
"KM Color",437,C2060,284,"Filter Box",593,"Filter Box","Filter Box"
"KM Color",437,C2060,272,"FUSING BELT",577,"FUSING BELT","FUSING BELT"
"KM Color",437,C2060,308,"FUSING GEAR",617,"fusing gear /1","fusing gear /1"
"KM Color",437,C2060,308,"FUSING GEAR",621,"fusing gear /3","fusing gear /3"
"KM Color",437,C2060,292,"Heat insulating sleeve lower",601,"Heat insulating sleeve lower","Heat insulating sleeve lower"
"KM Color",437,C2060,256,"intermediate transfer belt",561,"intermediate transfer belt","intermediate transfer belt"
"KM Color",437,C2060,296,"Paper feed roller rubber",605,"Paper feed roller rubber","Paper feed roller rubber"
"KM Color",437,C2060,304,"separation dischrage assy",613,"separation dischrage assy","separation dischrage assy"
"KM Color",437,C2060,312,"Side Seal",629,"Side Seal","Side Seal"
"KM Color",437,C2060,280,"suction dust-proof filter",589,"suction dust-proof filter","suction dust-proof filter"
"KM Color",437,C2060,240,TONER,521,"TONER BLACK","TONER BLACK"
"KM Color",437,C2060,240,TONER,625,"Toner Collection Sheet","Toner Collection Sheet"
"KM Color",437,C2060,240,TONER,533,"TONER CYAN","TONER CYAN"
"KM Color",437,C2060,240,TONER,529,"TONER MAGENTA","TONER MAGENTA"
"KM Color",437,C2060,240,TONER,525,"TONER YELLOW","TONER YELLOW"
"KM Color",437,C2060,288,"Waste toner box",597,"Waste toner box","Waste toner box"
"KM Color",414,C224,109,"DEVELOPING UNIT",239,"DEVELOPING UNIT BLACK","DEVELOPING UNIT BLACK"
"KM Color",414,C224,109,"DEVELOPING UNIT",243,"DEVELOPING UNIT CYAN","DEVELOPING UNIT CYAN"
"KM Color",414,C224,109,"DEVELOPING UNIT",247,"DEVELOPING UNIT MAGENTA","DEVELOPING UNIT MAGENTA"
"KM Color",414,C224,109,"DEVELOPING UNIT",251,"DEVELOPING UNIT YELLOW","DEVELOPING UNIT YELLOW"
"KM Color",414,C224,113,"DRUM CARTRIDGE",255,"DRUM CARTRIDGE BLACK","DRUM CARTRIDGE BLACK"
"KM Color",414,C224,113,"DRUM CARTRIDGE",267,"DRUM CARTRIDGE CYAN","DRUM CARTRIDGE CYAN"
"KM Color",414,C224,113,"DRUM CARTRIDGE",259,"DRUM CARTRIDGE MAGENTA","DRUM CARTRIDGE MAGENTA"
"KM Color",414,C224,113,"DRUM CARTRIDGE",263,"DRUM CARTRIDGE YELLOW","DRUM CARTRIDGE YELLOW"
"KM Color",414,C224,125,"FUSING UNIT 220V",279,"FUSING UNIT 220V","FUSING UNIT 220V"
"KM Color",414,C224,121,"Intermediate Image Transfer Unit",275,"Intermediate Image Transfer Unit","Intermediate Image Transfer Unit"
"KM Color",414,C224,105,TONER,227,"TONER  YELLOW","TONER  YELLOW"
"KM Color",414,C224,105,TONER,223,"TONER BLACK","TONER BLACK"
"KM Color",414,C224,105,TONER,235,"TONER CYAN","TONER CYAN"
"KM Color",414,C224,105,TONER,231,"TONER MAGENTA","TONER MAGENTA"
"KM Color",414,C224,117,"WASTE TONER BOX",271,"WASTE TONER BOX","WASTE TONER BOX"
"KM Color",619,C224E,112,"DEVELOPING UNIT",242,"DEVELOPING UNIT BLACK","DEVELOPING UNIT BLACK"
"KM Color",619,C224E,112,"DEVELOPING UNIT",246,"DEVELOPING UNIT CYAN","DEVELOPING UNIT CYAN"
"KM Color",619,C224E,112,"DEVELOPING UNIT",250,"DEVELOPING UNIT MAGENTA","DEVELOPING UNIT MAGENTA"
"KM Color",619,C224E,112,"DEVELOPING UNIT",254,"DEVELOPING UNIT YELLOW","DEVELOPING UNIT YELLOW"
"KM Color",619,C224E,116,"DRUM CARTRIDGE",258,"DRUM CARTRIDGE BLACK","DRUM CARTRIDGE BLACK"
"KM Color",619,C224E,116,"DRUM CARTRIDGE",270,"DRUM CARTRIDGE CYAN","DRUM CARTRIDGE CYAN"
"KM Color",619,C224E,116,"DRUM CARTRIDGE",262,"DRUM CARTRIDGE MAGENTA","DRUM CARTRIDGE MAGENTA"
"KM Color",619,C224E,116,"DRUM CARTRIDGE",266,"DRUM CARTRIDGE YELLOW","DRUM CARTRIDGE YELLOW"
"KM Color",619,C224E,128,"FUSING UNIT 220V",282,"FUSING UNIT 220V","FUSING UNIT 220V"
"KM Color",619,C224E,124,"Intermediate Image Transfer Unit",278,"Intermediate Image Transfer Unit","Intermediate Image Transfer Unit"
"KM Color",619,C224E,108,TONER,230,"TONER  YELLOW","TONER  YELLOW"
"KM Color",619,C224E,108,TONER,226,"TONER BLACK","TONER BLACK"
"KM Color",619,C224E,108,TONER,238,"TONER CYAN","TONER CYAN"
"KM Color",619,C224E,108,TONER,234,"TONER MAGENTA","TONER MAGENTA"
"KM Color",619,C224E,120,"WASTE TONER BOX",274,"WASTE TONER BOX","WASTE TONER BOX"
"KM Color",415,C284,110,"DEVELOPING UNIT",240,"DEVELOPING UNIT BLACK","DEVELOPING UNIT BLACK"
"KM Color",415,C284,110,"DEVELOPING UNIT",244,"DEVELOPING UNIT CYAN","DEVELOPING UNIT CYAN"
"KM Color",415,C284,110,"DEVELOPING UNIT",248,"DEVELOPING UNIT MAGENTA","DEVELOPING UNIT MAGENTA"
"KM Color",415,C284,110,"DEVELOPING UNIT",252,"DEVELOPING UNIT YELLOW","DEVELOPING UNIT YELLOW"
"KM Color",415,C284,114,"DRUM CARTRIDGE",256,"DRUM CARTRIDGE BLACK","DRUM CARTRIDGE BLACK"
"KM Color",415,C284,114,"DRUM CARTRIDGE",268,"DRUM CARTRIDGE CYAN","DRUM CARTRIDGE CYAN"
"KM Color",415,C284,114,"DRUM CARTRIDGE",260,"DRUM CARTRIDGE MAGENTA","DRUM CARTRIDGE MAGENTA"
"KM Color",415,C284,114,"DRUM CARTRIDGE",264,"DRUM CARTRIDGE YELLOW","DRUM CARTRIDGE YELLOW"
"KM Color",415,C284,126,"FUSING UNIT 220V",280,"FUSING UNIT 220V","FUSING UNIT 220V"
"KM Color",415,C284,122,"Intermediate Image Transfer Unit",276,"Intermediate Image Transfer Unit","Intermediate Image Transfer Unit"
"KM Color",415,C284,106,TONER,228,"TONER  YELLOW","TONER  YELLOW"
"KM Color",415,C284,106,TONER,224,"TONER BLACK","TONER BLACK"
"KM Color",415,C284,106,TONER,236,"TONER CYAN","TONER CYAN"
"KM Color",415,C284,106,TONER,232,"TONER MAGENTA","TONER MAGENTA"
"KM Color",415,C284,118,"WASTE TONER BOX",272,"WASTE TONER BOX","WASTE TONER BOX"
"KM Color",438,C3070,269,"1st transfer rollers",574,"1st transfer rollers CMYK","1st transfer rollers CMYK"
"KM Color",438,C3070,301,"2nd transfer rolers / low",610,"2nd transfer rolers / low","2nd transfer rolers / low"
"KM Color",438,C3070,261,"2nd transfer roller / upper",566,"2nd transfer roller / upper","2nd transfer roller / upper"
"KM Color",438,C3070,265,"BELT CLEANING BLADE",570,"BELT CLEANING BLADE","BELT CLEANING BLADE"
"KM Color",438,C3070,253,"CHARGING CORONA UNIT",558,"CHARGING CORONA UNIT","CHARGING CORONA UNIT"
"KM Color",438,C3070,249,"DEV UNIT",542,"DEV BLACK BHC1060 (DV614K) /C71","DEV BLACK BHC1060 (DV614K) /C71"
"KM Color",438,C3070,249,"DEV UNIT",554,"DEV CYAN BHC1060 (DV614C)","DEV CYAN BHC1060 (DV614C)"
"KM Color",438,C3070,249,"DEV UNIT",550,"DEV MAGENTA BHC1060 (DV614M)","DEV MAGENTA BHC1060 (DV614M)"
"KM Color",438,C3070,249,"DEV UNIT",546,"DEV YELLOW BHC1060 (DV614Y) / C71","DEV YELLOW BHC1060 (DV614Y) / C71"
"KM Color",438,C3070,277,"Deve. Dust-proof Filter",582,"Deve. Dust-proof Filter/1","Deve. Dust-proof Filter/1"
"KM Color",438,C3070,277,"Deve. Dust-proof Filter",586,"Deve. Dust-proof Filter/2","Deve. Dust-proof Filter/2"
"KM Color",438,C3070,245,"DRUM UNIT BHC1070/C1060 DU105 (CMYK)",538,"DRUM UNIT BHC1070/C1060 DU105 (CMYK)","DRUM UNIT BHC1070/C1060 DU105 (CMYK)"
"KM Color",438,C3070,285,"Filter Box",594,"Filter Box","Filter Box"
"KM Color",438,C3070,273,"FUSING BELT",578,"FUSING BELT","FUSING BELT"
"KM Color",438,C3070,309,"FUSING GEAR",618,"fusing gear /1","fusing gear /1"
"KM Color",438,C3070,309,"FUSING GEAR",622,"fusing gear /3","fusing gear /3"
"KM Color",438,C3070,293,"Heat insulating sleeve lower",602,"Heat insulating sleeve lower","Heat insulating sleeve lower"
"KM Color",438,C3070,257,"intermediate transfer belt",562,"intermediate transfer belt","intermediate transfer belt"
"KM Color",438,C3070,297,"Paper feed roller rubber",606,"Paper feed roller rubber","Paper feed roller rubber"
"KM Color",438,C3070,305,"separation dischrage assy",614,"separation dischrage assy","separation dischrage assy"
"KM Color",438,C3070,313,"Side Seal",630,"Side Seal","Side Seal"
"KM Color",438,C3070,281,"suction dust-proof filter",590,"suction dust-proof filter","suction dust-proof filter"
"KM Color",438,C3070,241,TONER,522,"TONER BLACK","TONER BLACK"
"KM Color",438,C3070,241,TONER,626,"Toner Collection Sheet","Toner Collection Sheet"
"KM Color",438,C3070,241,TONER,534,"TONER CYAN","TONER CYAN"
"KM Color",438,C3070,241,TONER,530,"TONER MAGENTA","TONER MAGENTA"
"KM Color",438,C3070,241,TONER,526,"TONER YELLOW","TONER YELLOW"
"KM Color",438,C3070,289,"Waste toner box",598,"Waste toner box","Waste toner box"
"KM Color",618,C364,111,"DEVELOPING UNIT",241,"DEVELOPING UNIT BLACK","DEVELOPING UNIT BLACK"
"KM Color",618,C364,111,"DEVELOPING UNIT",245,"DEVELOPING UNIT CYAN","DEVELOPING UNIT CYAN"
"KM Color",618,C364,111,"DEVELOPING UNIT",249,"DEVELOPING UNIT MAGENTA","DEVELOPING UNIT MAGENTA"
"KM Color",618,C364,111,"DEVELOPING UNIT",253,"DEVELOPING UNIT YELLOW","DEVELOPING UNIT YELLOW"
"KM Color",618,C364,115,"DRUM CARTRIDGE",257,"DRUM CARTRIDGE BLACK","DRUM CARTRIDGE BLACK"
"KM Color",618,C364,115,"DRUM CARTRIDGE",269,"DRUM CARTRIDGE CYAN","DRUM CARTRIDGE CYAN"
"KM Color",618,C364,115,"DRUM CARTRIDGE",261,"DRUM CARTRIDGE MAGENTA","DRUM CARTRIDGE MAGENTA"
"KM Color",618,C364,115,"DRUM CARTRIDGE",265,"DRUM CARTRIDGE YELLOW","DRUM CARTRIDGE YELLOW"
"KM Color",618,C364,127,"FUSING UNIT 220V",281,"FUSING UNIT 220V","FUSING UNIT 220V"
"KM Color",618,C364,123,"Intermediate Image Transfer Unit",277,"Intermediate Image Transfer Unit","Intermediate Image Transfer Unit"
"KM Color",618,C364,107,TONER,229,"TONER  YELLOW","TONER  YELLOW"
"KM Color",618,C364,107,TONER,225,"TONER BLACK","TONER BLACK"
"KM Color",618,C364,107,TONER,237,"TONER CYAN","TONER CYAN"
"KM Color",618,C364,107,TONER,233,"TONER MAGENTA","TONER MAGENTA"
"KM Color",618,C364,119,"WASTE TONER BOX",273,"WASTE TONER BOX","WASTE TONER BOX"
"KM Color",447,C4065,383,"1st transfer roller",764,"1st transfer roller/Y/M/C/K","1st transfer roller/Y/M/C/K"
"KM Color",447,C4065,384,"2nd transfer roller",766,"2nd transfer roller/Lw","2nd transfer roller/Lw"
"KM Color",447,C4065,384,"2nd transfer roller",765,"2nd transfer roller/Up ","2nd transfer roller/Up "
"KM Color",447,C4065,377,"Charging Pole Unit",757,"Charging Pole Unit","Charging Pole Unit"
"KM Color",447,C4065,378,"DEVELOPING DUST PROOF FILTER",758,"DEVELOPING DUST PROOF FILTER/1","DEVELOPING DUST PROOF FILTER/1"
"KM Color",447,C4065,378,"DEVELOPING DUST PROOF FILTER",759,"DEVELOPING DUST PROOF FILTER/2","DEVELOPING DUST PROOF FILTER/2"
"KM Color",447,C4065,392,"DOUBLE FEED PREVENTION RUBBER",775,"DOUBLE FEED PREVENTION RUBBER","DOUBLE FEED PREVENTION RUBBER"
"KM Color",447,C4065,392,"DOUBLE FEED PREVENTION RUBBER",776,"DOUBLE FEED PREVENTION RUBBER","DOUBLE FEED PREVENTION RUBBER"
"KM Color",447,C4065,380,"FILTER BOX",761,"FILTER BOX","FILTER BOX"
"KM Color",447,C4065,386,"Fusing belt",768,"Fusing belt","Fusing belt"
"KM Color",447,C4065,387,"FUSING GEAR",769,"FUSING GEAR/1 38T","FUSING GEAR/1 38T"
"KM Color",447,C4065,387,"FUSING GEAR",770,"FUSING GEAR/3 30T","FUSING GEAR/3 30T"
"KM Color",447,C4065,388,"Heat insulating sleeve/Lw ",771,"Heat insulating sleeve/Lw ","Heat insulating sleeve/Lw "
"KM Color",447,C4065,382,"Intermediate transfer belt",763,"Intermediate transfer belt","Intermediate transfer belt"
"KM Color",447,C4065,385,"Separate discharging unit",767,"Separate discharging unit","Separate discharging unit"
"KM Color",447,C4065,391,"SIDE SEAL",774,"SIDE SEAL C1060/C1070","SIDE SEAL C1060/C1070"
"KM Color",447,C4065,379,"SUCTION DUST PROOF FILTER",760,"SUCTION DUST PROOF FILTER","SUCTION DUST PROOF FILTER"
"KM Color",447,C4065,390,"Toner collection sheet",773,"Toner collection sheet","Toner collection sheet"
"KM Color",447,C4065,389,"Transfer belt cleaning blade",772,"Transfer belt cleaning blade","Transfer belt cleaning blade"
"KM Color",447,C4065,381,"Waste toner box",762,"Waste toner box","Waste toner box"
"KM Color",446,C4070,367,"1st transfer roller",744,"1st transfer roller/Y/M/C/K","1st transfer roller/Y/M/C/K"
"KM Color",446,C4070,368,"2nd transfer roller/Up ",746,"2nd transfer roller/Lw","2nd transfer roller/Lw"
"KM Color",446,C4070,368,"2nd transfer roller/Up ",745,"2nd transfer roller/Up ","2nd transfer roller/Up "
"KM Color",446,C4070,361,"Charging Pole Unit",737,"Charging Pole Unit","Charging Pole Unit"
"KM Color",446,C4070,360,DEV,733,"DEV BLACK BHC1060 (DV614K) /C71","DEV BLACK BHC1060 (DV614K) /C71"
"KM Color",446,C4070,360,DEV,736,"DEV CYAN BHC1060 (DV614C)","DEV CYAN BHC1060 (DV614C)"
"KM Color",446,C4070,360,DEV,735,"DEV MAGENTA BHC1060 (DV614M)","DEV MAGENTA BHC1060 (DV614M)"
"KM Color",446,C4070,360,DEV,734,"DEV YELLOW BHC1060 (DV614Y) / C71","DEV YELLOW BHC1060 (DV614Y) / C71"
"KM Color",446,C4070,362,"DEVELOPING DUST PROOF FILTER",738,"DEVELOPING DUST PROOF FILTER/1","DEVELOPING DUST PROOF FILTER/1"
"KM Color",446,C4070,362,"DEVELOPING DUST PROOF FILTER",739,"DEVELOPING DUST PROOF FILTER/2","DEVELOPING DUST PROOF FILTER/2"
"KM Color",446,C4070,376,"DOUBLE FEED PREVENTION RUBBER",755,"DOUBLE FEED PREVENTION RUBBER","DOUBLE FEED PREVENTION RUBBER"
"KM Color",446,C4070,376,"DOUBLE FEED PREVENTION RUBBER",756,"DOUBLE FEED PREVENTION RUBBER","DOUBLE FEED PREVENTION RUBBER"
"KM Color",446,C4070,359,"DRUM UNIT",731,"DRUM UNIT BLACK DR620K","DRUM UNIT BLACK DR620K"
"KM Color",446,C4070,359,"DRUM UNIT",732,"DRUM UNIT CMY DR620","DRUM UNIT CMY DR620"
"KM Color",446,C4070,364,"FILTER BOX",741,"FILTER BOX","FILTER BOX"
"KM Color",446,C4070,370,"Fusing belt",748,"Fusing belt","Fusing belt"
"KM Color",446,C4070,371,"FUSING GEAR",749,"FUSING GEAR/1 38T","FUSING GEAR/1 38T"
"KM Color",446,C4070,371,"FUSING GEAR",750,"FUSING GEAR/3 30T","FUSING GEAR/3 30T"
"KM Color",446,C4070,372,"Heat insulating sleeve/Lw ",751,"Heat insulating sleeve/Lw ","Heat insulating sleeve/Lw "
"KM Color",446,C4070,366,"Intermediate transfer belt",743,"Intermediate transfer belt","Intermediate transfer belt"
"KM Color",446,C4070,369,"Separate discharging unit",747,"Separate discharging unit","Separate discharging unit"
"KM Color",446,C4070,375,"SIDE SEAL",754,"SIDE SEAL C1060/C1070","SIDE SEAL C1060/C1070"
"KM Color",446,C4070,363,"SUCTION DUST PROOF FILTER",740,"SUCTION DUST PROOF FILTER","SUCTION DUST PROOF FILTER"
"KM Color",446,C4070,358,TONER,727,"TONER BLACK","TONER BLACK"
"KM Color",446,C4070,358,TONER,730,"TONER CYAN","TONER CYAN"
"KM Color",446,C4070,358,TONER,729,"TONER MAGENTA","TONER MAGENTA"
"KM Color",446,C4070,358,TONER,728,"TONER YELLOW","TONER YELLOW"
"KM Color",446,C4070,374,"Toner collection sheet",753,"Toner collection sheet","Toner collection sheet"
"KM Color",446,C4070,373,"Transfer belt cleaning blade",752,"Transfer belt cleaning blade","Transfer belt cleaning blade"
"KM Color",446,C4070,365,"Waste toner box",742,"Waste toner box","Waste toner box"
"KM Color",400,C450,4,"FUSING UNIT",10,"FUSING UNIT","FUSING UNIT"
"KM Color",400,C450,2,"IMAGING UNIT",8,"IMAGING UNIT CYAN (IU310C)","IMAGING UNIT CYAN (IU310C)"
"KM Color",400,C450,2,"IMAGING UNIT",6,"IMAGING UNIT MAGENTA (IU310M)","IMAGING UNIT MAGENTA (IU310M)"
"KM Color",400,C450,2,"IMAGING UNIT",7,"IMAGING UNIT YELLOW (IU310Y)","IMAGING UNIT YELLOW (IU310Y)"
"KM Color",400,C450,2,"IMAGING UNIT",5,"INMAGING UNIT BLACK (IU310K)","INMAGING UNIT BLACK (IU310K)"
"KM Color",400,C450,1,TONER,1,"TONER BLACK (TN310K)","TONER BLACK (TN310K)"
"KM Color",400,C450,1,TONER,4,"TONER CYAN (TN310C)","TONER CYAN (TN310C)"
"KM Color",400,C450,1,TONER,2,"TONER MAGENTA (TN310M)","TONER MAGENTA (TN310M)"
"KM Color",400,C450,1,TONER,3,"TONER YELLOW (TN310Y)","TONER YELLOW (TN310Y)"
"KM Color",400,C450,3,"TRANSFER BELT",9,"TRANSFER BELT","TRANSFER BELT"
"KM Color",400,C450,6,"TRANSFER ROLLER",12,"TRANSFER ROLLER","TRANSFER ROLLER"
"KM Color",400,C450,5,"WASTE TONER BOX",11,"WASTE TONER BOX","WASTE TONER BOX"
"KM Color",401,C451,19,"COLOR TONER FILTER",37,"COLOR TONER FILTER","COLOR TONER FILTER"
"KM Color",401,C451,15,"FUSING UNIT",33,"FUSING UNIT","FUSING UNIT"
"KM Color",401,C451,13,"IMAGE TRANSFER BELT UNIT",31,"IMAGE TRANSFER BELT UNIT","IMAGE TRANSFER BELT UNIT"
"KM Color",401,C451,9,"IMAGING UNIT",21,"IMAGING UNIT BLACK","IMAGING UNIT BLACK"
"KM Color",401,C451,9,"IMAGING UNIT",27,"IMAGING UNIT CYAN","IMAGING UNIT CYAN"
"KM Color",401,C451,9,"IMAGING UNIT",23,"IMAGING UNIT MAGENTA","IMAGING UNIT MAGENTA"
"KM Color",401,C451,9,"IMAGING UNIT",25,"IMAGING UNIT YELLOW","IMAGING UNIT YELLOW"
"KM Color",401,C451,7,TONER,13,"TONER BLACK","TONER BLACK"
"KM Color",401,C451,7,TONER,19,"TONER CYAN","TONER CYAN"
"KM Color",401,C451,7,TONER,15,"TONER MAGENTA","TONER MAGENTA"
"KM Color",401,C451,7,TONER,17,"TONER YELLOW","TONER YELLOW"
"KM Color",401,C451,17,"TRANSFER ROLLER UNIT",35,"TRANSFER ROLLER UNIT","TRANSFER ROLLER UNIT"
"KM Color",401,C451,11,"WASTE TONER BOX",29,"WASTE TONER BOX","WASTE TONER BOX"
"KM Color",403,C454,25,"DEVELOPING UNIT",55,"DEVELOPING UNIT BLACK (DV512K)","DEVELOPING UNIT BLACK (DV512K)"
"KM Color",403,C454,25,"DEVELOPING UNIT",59,"DEVELOPING UNIT CYAN (DV512C)","DEVELOPING UNIT CYAN (DV512C)"
"KM Color",403,C454,25,"DEVELOPING UNIT",63,"DEVELOPING UNIT MAGENTA (DV512M)","DEVELOPING UNIT MAGENTA (DV512M)"
"KM Color",403,C454,25,"DEVELOPING UNIT",67,"DEVELOPING UNIT YELLOW (DV512Y)","DEVELOPING UNIT YELLOW (DV512Y)"
"KM Color",403,C454,29,DRUM,71,"DRUM BLACK (DR512K)","DRUM BLACK (DR512K)"
"KM Color",403,C454,29,DRUM,75,"DRUM CMY (DR512)","DRUM CMY (DR512)"
"KM Color",403,C454,41,"FUSING UNIT",87,"FUSING UNIT","FUSING UNIT"
"KM Color",403,C454,37,"INTERMEDIATE IMAGE TRANSFER KIT/TRANSFER BELT",83,"INTERMEDIATE IMAGE TRANSFER KIT/TRANSFER BELT","INTERMEDIATE IMAGE TRANSFER KIT/TRANSFER BELT"
"KM Color",403,C454,21,TONER,39,"TONER BLACK (TN512K)","TONER BLACK (TN512K)"
"KM Color",403,C454,21,TONER,51,"TONER CYAN (TN512C)","TONER CYAN (TN512C)"
"KM Color",403,C454,21,TONER,47,"TONER MAGENTA (TN512M)","TONER MAGENTA (TN512M)"
"KM Color",403,C454,21,TONER,43,"TONER YELLOW (TN512Y)","TONER YELLOW (TN512Y)"
"KM Color",403,C454,33,"WASTE TONER BOX",79,"WASTE TONER BOX","WASTE TONER BOX"
"KM Color",404,C454E,26,"DEVELOPING UNIT",56,"DEVELOPING UNIT BLACK (DV512K)","DEVELOPING UNIT BLACK (DV512K)"
"KM Color",404,C454E,26,"DEVELOPING UNIT",60,"DEVELOPING UNIT CYAN (DV512C)","DEVELOPING UNIT CYAN (DV512C)"
"KM Color",404,C454E,26,"DEVELOPING UNIT",64,"DEVELOPING UNIT MAGENTA (DV512M)","DEVELOPING UNIT MAGENTA (DV512M)"
"KM Color",404,C454E,26,"DEVELOPING UNIT",68,"DEVELOPING UNIT YELLOW (DV512Y)","DEVELOPING UNIT YELLOW (DV512Y)"
"KM Color",404,C454E,30,DRUM,72,"DRUM BLACK (DR512K)","DRUM BLACK (DR512K)"
"KM Color",404,C454E,30,DRUM,76,"DRUM CMY (DR512)","DRUM CMY (DR512)"
"KM Color",404,C454E,42,"FUSING UNIT",88,"FUSING UNIT","FUSING UNIT"
"KM Color",404,C454E,38,"INTERMEDIATE IMAGE TRANSFER KIT/TRANSFER BELT",84,"INTERMEDIATE IMAGE TRANSFER KIT/TRANSFER BELT","INTERMEDIATE IMAGE TRANSFER KIT/TRANSFER BELT"
"KM Color",404,C454E,22,TONER,40,"TONER BLACK (TN512K)","TONER BLACK (TN512K)"
"KM Color",404,C454E,22,TONER,52,"TONER CYAN (TN512C)","TONER CYAN (TN512C)"
"KM Color",404,C454E,22,TONER,48,"TONER MAGENTA (TN512M)","TONER MAGENTA (TN512M)"
"KM Color",404,C454E,22,TONER,44,"TONER YELLOW (TN512Y)","TONER YELLOW (TN512Y)"
"KM Color",404,C454E,34,"WASTE TONER BOX",80,"WASTE TONER BOX","WASTE TONER BOX"
"KM Color",402,C550,20,"COLOR TONER FILTER",38,"COLOR TONER FILTER","COLOR TONER FILTER"
"KM Color",402,C550,16,"FUSING UNIT",34,"FUSING UNIT","FUSING UNIT"
"KM Color",402,C550,14,"IMAGE TRANSFER BELT UNIT",32,"IMAGE TRANSFER BELT UNIT","IMAGE TRANSFER BELT UNIT"
"KM Color",402,C550,10,"IMAGING UNIT",22,"IMAGING UNIT BLACK","IMAGING UNIT BLACK"
"KM Color",402,C550,10,"IMAGING UNIT",28,"IMAGING UNIT CYAN","IMAGING UNIT CYAN"
"KM Color",402,C550,10,"IMAGING UNIT",24,"IMAGING UNIT MAGENTA","IMAGING UNIT MAGENTA"
"KM Color",402,C550,10,"IMAGING UNIT",26,"IMAGING UNIT YELLOW","IMAGING UNIT YELLOW"
"KM Color",402,C550,8,TONER,14,"TONER BLACK","TONER BLACK"
"KM Color",402,C550,8,TONER,20,"TONER CYAN","TONER CYAN"
"KM Color",402,C550,8,TONER,16,"TONER MAGENTA","TONER MAGENTA"
"KM Color",402,C550,8,TONER,18,"TONER YELLOW","TONER YELLOW"
"KM Color",402,C550,18,"TRANSFER ROLLER UNIT",36,"TRANSFER ROLLER UNIT","TRANSFER ROLLER UNIT"
"KM Color",402,C550,12,"WASTE TONER BOX",30,"WASTE TONER BOX","WASTE TONER BOX"
"KM Color",407,C552,49,"DEVELOPING UNIT BLACK (DV612K)",101,"DEVELOPING UNIT BLACK (DV612K)","DEVELOPING UNIT BLACK (DV612K)"
"KM Color",407,C552,47,"DRUM CARTRIDGE",99,"DRUM CARTRIDGE BLACK (DR612K)","DRUM CARTRIDGE BLACK (DR612K)"
"KM Color",407,C552,61,"FUSING UNIT",119,"FUSING UNIT","FUSING UNIT"
"KM Color",407,C552,51,"IMAGING UNIT",107,"IMAGING UNIT CYAN (IU612C)","IMAGING UNIT CYAN (IU612C)"
"KM Color",407,C552,51,"IMAGING UNIT",103,"IMAGING UNIT MAGENTA (IU612M)","IMAGING UNIT MAGENTA (IU612M)"
"KM Color",407,C552,51,"IMAGING UNIT",105,"IMAGING UNIT YELLOW (IU612Y)","IMAGING UNIT YELLOW (IU612Y)"
"KM Color",407,C552,51,"IMAGING UNIT",109,"WASTE TONER BOX","WASTE TONER BOX"
"KM Color",407,C552,53,"OZONE FILTER",111,"OZONE FILTER","OZONE FILTER"
"KM Color",407,C552,45,TONER,91,"TONER C652/C552 BLACK (TN613K)","TONER C652/C552 BLACK (TN613K)"
"KM Color",407,C552,45,TONER,97,"TONER CYAN (TN613C)","TONER CYAN (TN613C)"
"KM Color",407,C552,45,TONER,93,"TONER MAGENTA (TN613M)","TONER MAGENTA (TN613M)"
"KM Color",407,C552,45,TONER,95,"TONER YELLOW (TN613Y)","TONER YELLOW (TN613Y)"
"KM Color",407,C552,59,"TONER FILTER",117,"TONER FILTER","TONER FILTER"
"KM Color",407,C552,55,"TRANSFER BELT",113,"TRANSFER BELT UNIT","TRANSFER BELT UNIT"
"KM Color",407,C552,57,"TRANSFER ROLLER UNIT",115,"TRANSFER ROLLER UNIT","TRANSFER ROLLER UNIT"
"KM Color",405,C554,27,"DEVELOPING UNIT",57,"DEVELOPING UNIT BLACK (DV512K)","DEVELOPING UNIT BLACK (DV512K)"
"KM Color",405,C554,27,"DEVELOPING UNIT",61,"DEVELOPING UNIT CYAN (DV512C)","DEVELOPING UNIT CYAN (DV512C)"
"KM Color",405,C554,27,"DEVELOPING UNIT",65,"DEVELOPING UNIT MAGENTA (DV512M)","DEVELOPING UNIT MAGENTA (DV512M)"
"KM Color",405,C554,27,"DEVELOPING UNIT",69,"DEVELOPING UNIT YELLOW (DV512Y)","DEVELOPING UNIT YELLOW (DV512Y)"
"KM Color",405,C554,31,DRUM,73,"DRUM BLACK (DR512K)","DRUM BLACK (DR512K)"
"KM Color",405,C554,31,DRUM,77,"DRUM CMY (DR512)","DRUM CMY (DR512)"
"KM Color",405,C554,43,"FUSING UNIT",89,"FUSING UNIT","FUSING UNIT"
"KM Color",405,C554,39,"INTERMEDIATE IMAGE TRANSFER KIT/TRANSFER BELT",85,"INTERMEDIATE IMAGE TRANSFER KIT/TRANSFER BELT","INTERMEDIATE IMAGE TRANSFER KIT/TRANSFER BELT"
"KM Color",405,C554,23,TONER,41,"TONER BLACK (TN512K)","TONER BLACK (TN512K)"
"KM Color",405,C554,23,TONER,53,"TONER CYAN (TN512C)","TONER CYAN (TN512C)"
"KM Color",405,C554,23,TONER,49,"TONER MAGENTA (TN512M)","TONER MAGENTA (TN512M)"
"KM Color",405,C554,23,TONER,45,"TONER YELLOW (TN512Y)","TONER YELLOW (TN512Y)"
"KM Color",405,C554,35,"WASTE TONER BOX",81,"WASTE TONER BOX","WASTE TONER BOX"
"KM Color",406,C554E,28,"DEVELOPING UNIT",58,"DEVELOPING UNIT BLACK (DV512K)","DEVELOPING UNIT BLACK (DV512K)"
"KM Color",406,C554E,28,"DEVELOPING UNIT",62,"DEVELOPING UNIT CYAN (DV512C)","DEVELOPING UNIT CYAN (DV512C)"
"KM Color",406,C554E,28,"DEVELOPING UNIT",66,"DEVELOPING UNIT MAGENTA (DV512M)","DEVELOPING UNIT MAGENTA (DV512M)"
"KM Color",406,C554E,28,"DEVELOPING UNIT",70,"DEVELOPING UNIT YELLOW (DV512Y)","DEVELOPING UNIT YELLOW (DV512Y)"
"KM Color",406,C554E,32,DRUM,74,"DRUM BLACK (DR512K)","DRUM BLACK (DR512K)"
"KM Color",406,C554E,32,DRUM,78,"DRUM CMY (DR512)","DRUM CMY (DR512)"
"KM Color",406,C554E,44,"FUSING UNIT",90,"FUSING UNIT","FUSING UNIT"
"KM Color",406,C554E,40,"INTERMEDIATE IMAGE TRANSFER KIT/TRANSFER BELT",86,"INTERMEDIATE IMAGE TRANSFER KIT/TRANSFER BELT","INTERMEDIATE IMAGE TRANSFER KIT/TRANSFER BELT"
"KM Color",406,C554E,24,TONER,42,"TONER BLACK (TN512K)","TONER BLACK (TN512K)"
"KM Color",406,C554E,24,TONER,54,"TONER CYAN (TN512C)","TONER CYAN (TN512C)"
"KM Color",406,C554E,24,TONER,50,"TONER MAGENTA (TN512M)","TONER MAGENTA (TN512M)"
"KM Color",406,C554E,24,TONER,46,"TONER YELLOW (TN512Y)","TONER YELLOW (TN512Y)"
"KM Color",406,C554E,36,"WASTE TONER BOX",82,"WASTE TONER BOX","WASTE TONER BOX"
"KM Color",413,C6000,88,"BELT 861L / TRANSFER BELT 862L",200,"BELT 861L / TRANSFER BELT 862L","BELT 861L / TRANSFER BELT 862L"
"KM Color",413,C6000,82,"CHARGING UNIT",192,"CHARGING UNIT / C","CHARGING UNIT / C"
"KM Color",413,C6000,82,"CHARGING UNIT",194,"CHARGING UNIT / K","CHARGING UNIT / K"
"KM Color",413,C6000,82,"CHARGING UNIT",190,"CHARGING UNIT / M","CHARGING UNIT / M"
"KM Color",413,C6000,82,"CHARGING UNIT",188,"CHARGING UNIT / Y","CHARGING UNIT / Y"
"KM Color",413,C6000,92,"CLEANING BLADE",204,"CLEANING BLADE","CLEANING BLADE"
"KM Color",413,C6000,102,"COOLING FILTER / RIGHT",220,"COOLING FILTER / RIGHT","COOLING FILTER / RIGHT"
"KM Color",413,C6000,78,DEVELOPER,172,"DEVELOPER BLACK","DEVELOPER BLACK"
"KM Color",413,C6000,78,DEVELOPER,176,"DEVELOPER CYAN","DEVELOPER CYAN"
"KM Color",413,C6000,78,DEVELOPER,174,"DEVELOPER MAGENTA","DEVELOPER MAGENTA"
"KM Color",413,C6000,78,DEVELOPER,178,"DEVELOPER YELLOW","DEVELOPER YELLOW"
"KM Color",413,C6000,80,DRUM,180,"DRUM BLACK","DRUM BLACK"
"KM Color",413,C6000,80,DRUM,182,"DRUM CYAN","DRUM CYAN"
"KM Color",413,C6000,80,DRUM,184,"DRUM MAGENTA","DRUM MAGENTA"
"KM Color",413,C6000,80,DRUM,186,"DRUM YELLOW","DRUM YELLOW"
"KM Color",413,C6000,100,"DUST PROOF FILTER / 2 ASSY",218,"DUST PROOF FILTER / 2 ASSY","DUST PROOF FILTER / 2 ASSY"
"KM Color",413,C6000,98,"FILTER EXCHANGING ASSY",216,"FILTER EXCHANGING ASSY","FILTER EXCHANGING ASSY"
"KM Color",413,C6000,104,"FILTER PRESSING ASSY",222,"FILTER PRESSING ASSY","FILTER PRESSING ASSY"
"KM Color",413,C6000,86,"FUSING SEPARATING PLATE",198,"FUSING SEPARATING PLATE","FUSING SEPARATING PLATE"
"KM Color",413,C6000,96,"SEPARATING NEUTRALIZING ASSY",214,"SEPARATING NEUTRALIZING ASSY","SEPARATING NEUTRALIZING ASSY"
"KM Color",413,C6000,90,"SHEET / 1 ASSY",202,"SHEET / 1 ASSY","SHEET / 1 ASSY"
"KM Color",413,C6000,76,TONER,164,"TONER BLACK","TONER BLACK"
"KM Color",413,C6000,76,TONER,168,"TONER CYAN","TONER CYAN"
"KM Color",413,C6000,76,TONER,166,"TONER MAGENTA","TONER MAGENTA"
"KM Color",413,C6000,76,TONER,170,"TONER YELLOW","TONER YELLOW"
"KM Color",413,C6000,84,"TONER COLLECTING BOX ASSY",196,"TONER COLLECTING BOX ASSY","TONER COLLECTING BOX ASSY"
"KM Color",413,C6000,94,"TRANSFER ROLLER",212,"TRANSFER ROLLER","TRANSFER ROLLER"
"KM Color",413,C6000,94,"TRANSFER ROLLER",208,"TRANSFER ROLLER BLACK","TRANSFER ROLLER BLACK"
"KM Color",413,C6000,94,"TRANSFER ROLLER",206,"TRANSFER ROLLER CMY","TRANSFER ROLLER CMY"
"KM Color",413,C6000,94,"TRANSFER ROLLER",210,"TRANSFER ROLLER LOWER","TRANSFER ROLLER LOWER"
"KM Color",409,C6500,65,DEVELOPER,129,"DEVELOPER BLACK (DV610K)","DEVELOPER BLACK (DV610K)"
"KM Color",409,C6500,65,DEVELOPER,132,"DEVELOPER CYAN (DV610C)","DEVELOPER CYAN (DV610C)"
"KM Color",409,C6500,65,DEVELOPER,131,"DEVELOPER MAGENTA (DV610M)","DEVELOPER MAGENTA (DV610M)"
"KM Color",409,C6500,65,DEVELOPER,130,"DEVELOPER YELLOW (DV610Y)","DEVELOPER YELLOW (DV610Y)"
"KM Color",409,C6500,64,DRUM,125,"DRUM BLACK (DR610)","DRUM BLACK (DR610)"
"KM Color",409,C6500,64,DRUM,128,"DRUM CYAN (DR610)","DRUM CYAN (DR610)"
"KM Color",409,C6500,64,DRUM,127,"DRUM MAGENTA (DR610)","DRUM MAGENTA (DR610)"
"KM Color",409,C6500,64,DRUM,126,"DRUM YELLOW (DR610)","DRUM YELLOW (DR610)"
"KM Color",409,C6500,63,TONER,121,"BIZHUB C6500 TONER BLACK (TN610K)","BIZHUB C6500 TONER BLACK (TN610K)"
"KM Color",409,C6500,63,TONER,124,"BIZHUB C6500 TONER CYAN (TN610C)","BIZHUB C6500 TONER CYAN (TN610C)"
"KM Color",409,C6500,63,TONER,122,"BIZHUB C6500 TONER MAGENTA (TN610M)","BIZHUB C6500 TONER MAGENTA (TN610M)"
"KM Color",409,C6500,63,TONER,123,"BIZHUB C6500 TONER YELLOW (TN610Y)","BIZHUB C6500 TONER YELLOW (TN610Y)"
"KM Color",410,C6501,68,DEVELOPER,141,"DEVELOPER BLACK (DV610K)","DEVELOPER BLACK (DV610K)"
"KM Color",410,C6501,68,DEVELOPER,144,"DEVELOPER CYAN (DV610C)","DEVELOPER CYAN (DV610C)"
"KM Color",410,C6501,68,DEVELOPER,143,"DEVELOPER MAGENTA (DV610M)","DEVELOPER MAGENTA (DV610M)"
"KM Color",410,C6501,68,DEVELOPER,142,"DEVELOPER YELLOW (DV610Y)","DEVELOPER YELLOW (DV610Y)"
"KM Color",410,C6501,67,DRUM,137,"DRUM BLACK (DR610)","DRUM BLACK (DR610)"
"KM Color",410,C6501,67,DRUM,140,"DRUM CYAN (DR610)","DRUM CYAN (DR610)"
"KM Color",410,C6501,67,DRUM,139,"DRUM MAGENTA (DR610)","DRUM MAGENTA (DR610)"
"KM Color",410,C6501,67,DRUM,138,"DRUM YELLOW (DR610)","DRUM YELLOW (DR610)"
"KM Color",410,C6501,66,TONER,133,"TONER BLACK C6501 (TN612K)","TONER BLACK C6501 (TN612K)"
"KM Color",410,C6501,66,TONER,136,"TONER CYAN C6501 (TN612C)","TONER CYAN C6501 (TN612C)"
"KM Color",410,C6501,66,TONER,134,"TONER MAGENTA C6501 (TN612M)","TONER MAGENTA C6501 (TN612M)"
"KM Color",410,C6501,66,TONER,135,"TONER YELLOW C6501 (TN612Y)","TONER YELLOW C6501 (TN612Y)"
"KM Color",408,C652,50,"DEVELOPING UNIT BLACK (DV612K)",102,"DEVELOPING UNIT BLACK (DV612K)","DEVELOPING UNIT BLACK (DV612K)"
"KM Color",408,C652,48,"DRUM CARTRIDGE",100,"DRUM CARTRIDGE BLACK (DR612K)","DRUM CARTRIDGE BLACK (DR612K)"
"KM Color",408,C652,62,"FUSING UNIT",120,"FUSING UNIT","FUSING UNIT"
"KM Color",408,C652,52,"IMAGING UNIT",108,"IMAGING UNIT CYAN (IU612C)","IMAGING UNIT CYAN (IU612C)"
"KM Color",408,C652,52,"IMAGING UNIT",104,"IMAGING UNIT MAGENTA (IU612M)","IMAGING UNIT MAGENTA (IU612M)"
"KM Color",408,C652,52,"IMAGING UNIT",106,"IMAGING UNIT YELLOW (IU612Y)","IMAGING UNIT YELLOW (IU612Y)"
"KM Color",408,C652,52,"IMAGING UNIT",110,"WASTE TONER BOX","WASTE TONER BOX"
"KM Color",408,C652,54,"OZONE FILTER",112,"OZONE FILTER","OZONE FILTER"
"KM Color",408,C652,46,TONER,92,"TONER C652/C552 BLACK (TN613K)","TONER C652/C552 BLACK (TN613K)"
"KM Color",408,C652,46,TONER,98,"TONER CYAN (TN613C)","TONER CYAN (TN613C)"
"KM Color",408,C652,46,TONER,94,"TONER MAGENTA (TN613M)","TONER MAGENTA (TN613M)"
"KM Color",408,C652,46,TONER,96,"TONER YELLOW (TN613Y)","TONER YELLOW (TN613Y)"
"KM Color",408,C652,60,"TONER FILTER",118,"TONER FILTER","TONER FILTER"
"KM Color",408,C652,56,"TRANSFER BELT",114,"TRANSFER BELT UNIT","TRANSFER BELT UNIT"
"KM Color",408,C652,58,"TRANSFER ROLLER UNIT",116,"TRANSFER ROLLER UNIT","TRANSFER ROLLER UNIT"
"KM Color",412,C7000,87,"BELT 861L / TRANSFER BELT 862L",199,"BELT 861L / TRANSFER BELT 862L","BELT 861L / TRANSFER BELT 862L"
"KM Color",412,C7000,81,"CHARGING UNIT",191,"CHARGING UNIT / C","CHARGING UNIT / C"
"KM Color",412,C7000,81,"CHARGING UNIT",193,"CHARGING UNIT / K","CHARGING UNIT / K"
"KM Color",412,C7000,81,"CHARGING UNIT",189,"CHARGING UNIT / M","CHARGING UNIT / M"
"KM Color",412,C7000,81,"CHARGING UNIT",187,"CHARGING UNIT / Y","CHARGING UNIT / Y"
"KM Color",412,C7000,91,"CLEANING BLADE",203,"CLEANING BLADE","CLEANING BLADE"
"KM Color",412,C7000,101,"COOLING FILTER / RIGHT",219,"COOLING FILTER / RIGHT","COOLING FILTER / RIGHT"
"KM Color",412,C7000,77,DEVELOPER,171,"DEVELOPER BLACK","DEVELOPER BLACK"
"KM Color",412,C7000,77,DEVELOPER,175,"DEVELOPER CYAN","DEVELOPER CYAN"
"KM Color",412,C7000,77,DEVELOPER,173,"DEVELOPER MAGENTA","DEVELOPER MAGENTA"
"KM Color",412,C7000,77,DEVELOPER,177,"DEVELOPER YELLOW","DEVELOPER YELLOW"
"KM Color",412,C7000,79,DRUM,179,"DRUM BLACK","DRUM BLACK"
"KM Color",412,C7000,79,DRUM,181,"DRUM CYAN","DRUM CYAN"
"KM Color",412,C7000,79,DRUM,183,"DRUM MAGENTA","DRUM MAGENTA"
"KM Color",412,C7000,79,DRUM,185,"DRUM YELLOW","DRUM YELLOW"
"KM Color",412,C7000,99,"DUST PROOF FILTER / 2 ASSY",217,"DUST PROOF FILTER / 2 ASSY","DUST PROOF FILTER / 2 ASSY"
"KM Color",412,C7000,97,"FILTER EXCHANGING ASSY",215,"FILTER EXCHANGING ASSY","FILTER EXCHANGING ASSY"
"KM Color",412,C7000,103,"FILTER PRESSING ASSY",221,"FILTER PRESSING ASSY","FILTER PRESSING ASSY"
"KM Color",412,C7000,85,"FUSING SEPARATING PLATE",197,"FUSING SEPARATING PLATE","FUSING SEPARATING PLATE"
"KM Color",412,C7000,95,"SEPARATING NEUTRALIZING ASSY",213,"SEPARATING NEUTRALIZING ASSY","SEPARATING NEUTRALIZING ASSY"
"KM Color",412,C7000,89,"SHEET / 1 ASSY",201,"SHEET / 1 ASSY","SHEET / 1 ASSY"
"KM Color",412,C7000,75,TONER,163,"TONER BLACK","TONER BLACK"
"KM Color",412,C7000,75,TONER,167,"TONER CYAN","TONER CYAN"
"KM Color",412,C7000,75,TONER,165,"TONER MAGENTA","TONER MAGENTA"
"KM Color",412,C7000,75,TONER,169,"TONER YELLOW","TONER YELLOW"
"KM Color",412,C7000,83,"TONER COLLECTING BOX ASSY",195,"TONER COLLECTING BOX ASSY","TONER COLLECTING BOX ASSY"
"KM Color",412,C7000,93,"TRANSFER ROLLER",211,"TRANSFER ROLLER","TRANSFER ROLLER"
"KM Color",412,C7000,93,"TRANSFER ROLLER",207,"TRANSFER ROLLER BLACK","TRANSFER ROLLER BLACK"
"KM Color",412,C7000,93,"TRANSFER ROLLER",205,"TRANSFER ROLLER CMY","TRANSFER ROLLER CMY"
"KM Color",412,C7000,93,"TRANSFER ROLLER",209,"TRANSFER ROLLER LOWER","TRANSFER ROLLER LOWER"
"KM Color",411,C70HC,72,"CHARGING UNIT",159,"CHARGING UNIT / C","CHARGING UNIT / C"
"KM Color",411,C70HC,72,"CHARGING UNIT",160,"CHARGING UNIT / K","CHARGING UNIT / K"
"KM Color",411,C70HC,72,"CHARGING UNIT",158,"CHARGING UNIT / M","CHARGING UNIT / M"
"KM Color",411,C70HC,72,"CHARGING UNIT",157,"CHARGING UNIT / Y","CHARGING UNIT / Y"
"KM Color",411,C70HC,70,DEVELOPER,149,"DEVELOPER BLACK","DEVELOPER BLACK"
"KM Color",411,C70HC,70,DEVELOPER,151,"DEVELOPER CYAN","DEVELOPER CYAN"
"KM Color",411,C70HC,70,DEVELOPER,150,"DEVELOPER MAGENTA","DEVELOPER MAGENTA"
"KM Color",411,C70HC,70,DEVELOPER,152,"DEVELOPER YELLOW","DEVELOPER YELLOW"
"KM Color",411,C70HC,71,DRUM,153,"DRUM BLACK","DRUM BLACK"
"KM Color",411,C70HC,71,DRUM,154,"DRUM CYAN","DRUM CYAN"
"KM Color",411,C70HC,71,DRUM,155,"DRUM MAGENTA","DRUM MAGENTA"
"KM Color",411,C70HC,71,DRUM,156,"DRUM YELLOW","DRUM YELLOW"
"KM Color",411,C70HC,73,"FILTER EXCHANGING ASSY",161,"FILTER EXCHANGING ASSY","FILTER EXCHANGING ASSY"
"KM Color",411,C70HC,69,TONER,145,"TONER BLACK C70HC (TN617K)","TONER BLACK C70HC (TN617K)"
"KM Color",411,C70HC,69,TONER,147,"TONER CYAN","TONER CYAN"
"KM Color",411,C70HC,69,TONER,146,"TONER MAGENTA","TONER MAGENTA"
"KM Color",411,C70HC,69,TONER,148,"TONER YELLOW","TONER YELLOW"
"KM Color",411,C70HC,74,"TRANSFER CLEANING BLADE",162,"TRANSFER CLEANING BLADE","TRANSFER CLEANING BLADE"
