Encoded_ID,LID,SBU,Account_Name,Account_Executive,Call_Date,Product_Type,Model,Consumable,Item_Code,Quantity,Unit_Price,Total_Amount,Status,Remarks
292,2026-C00292,"KM Kitbuyer","SPI TECHNOLOGIES, INC.","Allen Rose Cahilig",2026-09-28,"KM Color",BHC227,TONER,"TONER BLACK C287/C227 (TN221K)",1,10260.71,10260.71,345,"Sent Quotation for cons for Vat Ex amounting to Php 23,408.03 "
292,2026-C00292,"KM Kitbuyer","SPI TECHNOLOGIES, INC.","Allen Rose Cahilig",2026-09-28,"KM Color",BHC227,"DRUM UNIT DR214K","DRUM UNIT DR214K",1,13147.32,13147.32,345,"Sent Quotation for cons for Vat Ex amounting to Php 23,408.03 "
290,2026-C00290,"KM Kitbuyer","TAISHAN INSURANCE BROKERS PHILS., INC.","Meralynn Doria",2026-09-28,"KM Color",BH-C227i,TONER,"TONER BLACK TN227K",1,11492.00,11492.00,345,"SEND QUOTATION"
290,2026-C00290,"KM Kitbuyer","TAISHAN INSURANCE BROKERS PHILS., INC.","Meralynn Doria",2026-09-28,"KM Color",BH-C227i,TONER,"TONER YELLOW TN227Y",1,23477.00,23477.00,345,"SEND QUOTATION"
290,2026-C00290,"KM Kitbuyer","TAISHAN INSURANCE BROKERS PHILS., INC.","Meralynn Doria",2026-09-28,"KM Color",BH-C227i,TONER,"TONER MAGENTA TN227M",1,23477.00,23477.00,345,"SEND QUOTATION"
290,2026-C00290,"KM Kitbuyer","TAISHAN INSURANCE BROKERS PHILS., INC.","Meralynn Doria",2026-09-28,"KM Color",BH-C227i,TONER,"TONER CYAN TN227C",1,23477.00,23477.00,345,"SEND QUOTATION"
278,2026-C00278,"KM Kitbuyer","UHBI PARANAQUE DOCTORS HOSPITAL","Allen Rose Cahilig",2026-09-28,"KM Color",BH-C227i,"FUSING UNIT","FUSING UNIT",1,22783.00,22783.00,345,"Sent fusing unit quotation"
277,2026-C00277,"KM Kitbuyer","UHBI PARANAQUE DOCTORS HOSP.","Allen Rose Cahilig",2026-09-28,"KM Color",BH-C227i,"FUSING UNIT","FUSING UNIT",1,22723.00,22723.00,345,"Sent fusing unit quotation amounting to Php 22,273.00"
276,2026-C00276,"KM Kitbuyer","TFB INC.","Aaron Camacho",2026-09-25,"KM Color",BHC450i,TONER,"TONER BLACK (TN626K)",2,6617.00,13234.00,346,"waiting for payment"
276,2026-C00276,"KM Kitbuyer","TFB INC.","Aaron Camacho",2026-09-25,"KM Color",BHC450i,TONER,"TONER YELLOW (TN626Y)",3,12773.00,38319.00,346,"waiting for payment"
276,2026-C00276,"KM Kitbuyer","TFB INC.","Aaron Camacho",2026-09-25,"KM Color",BHC450i,TONER,"TONER MAGENTA (TN626M)",3,12773.00,38319.00,346,"waiting for payment"
276,2026-C00276,"KM Kitbuyer","TFB INC.","Aaron Camacho",2026-09-25,"KM Color",BHC450i,TONER,"TONER CYAN (TN626C)",3,12773.00,38319.00,346,"waiting for payment"
273,2026-C00273,"KM Kitbuyer","CEBU AIR EMPLOYEES MULTI-PURPOSE COOPERATIVE ","Allen Rose Cahilig",2026-09-25,"KM Color",BHC650i,TONER,"TONER BLACK (TN626K)",2,7279.00,14558.00,345,"Sent 2 pcs of toner black quotation amounting to Php 14,558.00"
272,2026-C00272,"KM Kitbuyer","ROYAL THAI EMBASSY","Meralynn Doria",2026-09-24,"KM Color",BH-C251i,TONER,"TONER BLACK TN328K",4,8978.00,35912.00,346,"Scheduled for delivery"
270,2026-C00270,"KM Kitbuyer","ST. PAUL UNIVERSITY QUEZON CITY","Aaron Camacho",2026-09-24,"KM Color",BH-C251i,TONER,"TONER BLACK TN328K",1,8162.00,8162.00,345,"for qoute"
270,2026-C00270,"KM Kitbuyer","ST. PAUL UNIVERSITY QUEZON CITY","Aaron Camacho",2026-09-24,"KM Color",BH-C251i,TONER,"TONER YELLOW TN328Y",1,18283.00,18283.00,345,"for qoute"
262,2026-C00262,"KM Kitbuyer","SPI TECHNOLOGIES, INC.","Allen Rose Cahilig",2026-09-23,"KM Color",BHC227,TONER,"TONER BLACK C287/C227 (TN221K)",1,11492.00,11492.00,345,"Sent quotation to the client amounting to Php 26,217.00"
262,2026-C00262,"KM Kitbuyer","SPI TECHNOLOGIES, INC.","Allen Rose Cahilig",2026-09-23,"KM Color",BHC227,"DRUM UNIT DR214K","DRUM UNIT DR214K",1,14725.00,14725.00,345,"Sent quotation to the client amounting to Php 26,217.00"
261,2026-C00261,"KM Kitbuyer","MR. KNH","Meralynn Doria",2026-09-23,"KM Color",BH-C227i,TONER,"TONER BLACK TN227K",1,11492.00,11492.00,345,"SEND QUOTATION"
261,2026-C00261,"KM Kitbuyer","MR. KNH","Meralynn Doria",2026-09-23,"KM Color",BH-C227i,TONER,"TONER YELLOW TN227Y",1,23447.00,23447.00,345,"SEND QUOTATION"
261,2026-C00261,"KM Kitbuyer","MR. KNH","Meralynn Doria",2026-09-23,"KM Color",BH-C227i,TONER,"TONER MAGENTA TN227M",1,23447.00,23447.00,345,"SEND QUOTATION"
261,2026-C00261,"KM Kitbuyer","MR. KNH","Meralynn Doria",2026-09-23,"KM Color",BH-C227i,TONER,"TONER CYAN TN227C",1,23447.00,23447.00,345,"SEND QUOTATION"
257,2026-C00257,"KM Kitbuyer","NATIONAL IRRIGATION ADMINISTRATION","Aaron Camacho",2026-09-23,"KM Color",BHC227,"IMAGING UNIT","IMAGING UNIT IU214C",1,56481.00,56481.00,230,"Delivered 09/24"
257,2026-C00257,"KM Kitbuyer","NATIONAL IRRIGATION ADMINISTRATION","Aaron Camacho",2026-09-23,"KM Color",BHC227,"IMAGING UNIT","IMAGING UNIT IU214M",1,56481.00,56481.00,230,"Delivered 09/24"
257,2026-C00257,"KM Kitbuyer","NATIONAL IRRIGATION ADMINISTRATION","Aaron Camacho",2026-09-23,"KM Color",BHC227,"IMAGING UNIT","IMAGING UNIT IU214Y",1,56481.00,56481.00,230,"Delivered 09/24"
257,2026-C00257,"KM Kitbuyer","NATIONAL IRRIGATION ADMINISTRATION","Aaron Camacho",2026-09-23,"KM Color",BHC227,"DRUM UNIT DR214K","DRUM UNIT DR214K",1,13386.00,13386.00,230,"Delivered 09/24"
251,2026-C00251,"KM Kitbuyer","ZAMBALES DIVERSIFIED METALS CORPORATION","Meralynn Doria",2026-09-22,"KM Color",BH-C227i,"IMAGING UNIT","IMAGING UNIT IU217C",1,50429.46,50429.46,346,"Schedule for delivery"
251,2026-C00251,"KM Kitbuyer","ZAMBALES DIVERSIFIED METALS CORPORATION","Meralynn Doria",2026-09-22,"KM Color",BH-C227i,"IMAGING UNIT","IMAGING UNIT IU217M",1,50429.46,50429.46,346,"Schedule for delivery"
251,2026-C00251,"KM Kitbuyer","ZAMBALES DIVERSIFIED METALS CORPORATION","Meralynn Doria",2026-09-22,"KM Color",BH-C227i,"IMAGING UNIT","IMAGING UNIT IU217Y",1,50429.46,50429.46,346,"Schedule for delivery"
251,2026-C00251,"KM Kitbuyer","ZAMBALES DIVERSIFIED METALS CORPORATION","Meralynn Doria",2026-09-22,"KM Color",BH-C227i,"WASTE TONER BOX","WASTE TONER BOX",1,2766.07,2766.07,346,"Schedule for delivery"
251,2026-C00251,"KM Kitbuyer","ZAMBALES DIVERSIFIED METALS CORPORATION","Meralynn Doria",2026-09-22,"KM Color",BH-C227i,"TRANSFER BELT UNIT","TRANSFER BELT UNIT",1,13691.96,13691.96,346,"Schedule for delivery"
251,2026-C00251,"KM Kitbuyer","ZAMBALES DIVERSIFIED METALS CORPORATION","Meralynn Doria",2026-09-22,"KM Color",BH-C227i,"TRANSFER ROLLER UNIT","TRANSFER ROLLER UNIT",1,2973.21,2973.21,346,"Schedule for delivery"
288,2026-C00288,"KM Kitbuyer","F.J WEGON ANIMAL HEALTH AND NUTRITION CORPORATION","Allen Rose Cahilig",2026-09-21,"KM Color",BH-C251i,TONER,"TONER BLACK TN328K",5,8162.00,40810.00,345,"Sent toner CMYK Quotation"
288,2026-C00288,"KM Kitbuyer","F.J WEGON ANIMAL HEALTH AND NUTRITION CORPORATION","Allen Rose Cahilig",2026-09-21,"KM Color",BH-C251i,TONER,"TONER YELLOW TN328Y",5,18283.00,91415.00,345,"Sent toner CMYK Quotation"
288,2026-C00288,"KM Kitbuyer","F.J WEGON ANIMAL HEALTH AND NUTRITION CORPORATION","Allen Rose Cahilig",2026-09-21,"KM Color",BH-C251i,TONER,"TONER MAGENTA TN328M",5,18283.00,91415.00,345,"Sent toner CMYK Quotation"
288,2026-C00288,"KM Kitbuyer","F.J WEGON ANIMAL HEALTH AND NUTRITION CORPORATION","Allen Rose Cahilig",2026-09-21,"KM Color",BH-C251i,TONER,"TONER CYAN TN328C",5,18283.00,91415.00,345,"Sent toner CMYK Quotation"
249,2026-C00249,"KM Kitbuyer","ZAMBALES DIVERSIFIED METALS CORPORATION","Meralynn Doria",2026-09-21,"KM Color",BH-C227i,"IMAGING UNIT","IMAGING UNIT IU217C",1,50429.46,50429.46,345,"SEND QUOTATION"
249,2026-C00249,"KM Kitbuyer","ZAMBALES DIVERSIFIED METALS CORPORATION","Meralynn Doria",2026-09-21,"KM Color",BH-C227i,"IMAGING UNIT","IMAGING UNIT IU217M",1,50429.46,50429.46,345,"SEND QUOTATION"
249,2026-C00249,"KM Kitbuyer","ZAMBALES DIVERSIFIED METALS CORPORATION","Meralynn Doria",2026-09-21,"KM Color",BH-C227i,"IMAGING UNIT","IMAGING UNIT IU217Y",1,50429.46,50429.46,345,"SEND QUOTATION"
249,2026-C00249,"KM Kitbuyer","ZAMBALES DIVERSIFIED METALS CORPORATION","Meralynn Doria",2026-09-21,"KM Color",BH-C227i,"WASTE TONER BOX","WASTE TONER BOX",1,2766.07,2766.07,345,"SEND QUOTATION"
249,2026-C00249,"KM Kitbuyer","ZAMBALES DIVERSIFIED METALS CORPORATION","Meralynn Doria",2026-09-21,"KM Color",BH-C227i,"TRANSFER ROLLER UNIT","TRANSFER ROLLER UNIT",1,2973.21,2973.21,345,"SEND QUOTATION"
244,2026-C00244,"KM Kitbuyer","GREEN DOT PRINTING SERVICES","Allen Rose Cahilig",2026-09-21,"KM Color",C454,DRUM,"DRUM CMY (DR512)",3,30528.00,91584.00,345,"Sent drum CMY Quotation amounting to Php 91,584.00. Client requesting discount"
243,2026-C00243,"KM Kitbuyer","GREEN DOT PRINTING SERVICES","Allen Rose Cahilig",2026-09-21,"KM Color",C454,"INTERMEDIATE IMAGE TRANSFER KIT/TRANSFER BELT","INTERMEDIATE IMAGE TRANSFER KIT/TRANSFER BELT",1,20570.00,20570.00,345,"Sent Transfer belt quotation amounting to Php 20,570.00"
242,2026-C00242,"KM Kitbuyer","ZAMBALES DIVERSIFIED METALS CORPORATION","Meralynn Doria",2026-09-21,"KM Color",BH-C227i,"IMAGING UNIT","IMAGING UNIT IU217C",1,50429.46,50429.46,345,"SEND QUOTATION"
242,2026-C00242,"KM Kitbuyer","ZAMBALES DIVERSIFIED METALS CORPORATION","Meralynn Doria",2026-09-21,"KM Color",BH-C227i,"IMAGING UNIT","IMAGING UNIT IU217M",1,50429.46,50429.46,345,"SEND QUOTATION"
242,2026-C00242,"KM Kitbuyer","ZAMBALES DIVERSIFIED METALS CORPORATION","Meralynn Doria",2026-09-21,"KM Color",BH-C227i,"IMAGING UNIT","IMAGING UNIT IU217Y",1,50429.46,50429.46,345,"SEND QUOTATION"
242,2026-C00242,"KM Kitbuyer","ZAMBALES DIVERSIFIED METALS CORPORATION","Meralynn Doria",2026-09-21,"KM Color",BH-C227i,"TRANSFER ROLLER UNIT","TRANSFER ROLLER UNIT",1,2973.21,2973.21,345,"SEND QUOTATION"
240,2026-C00240,"KM Kitbuyer","ZAMBALES DIVERSIFIED METALS CORPORATION","Meralynn Doria",2026-09-21,"KM Color",BH-C227i,"IMAGING UNIT","IMAGING UNIT IU217C",1,56481.00,56481.00,345,"SEND QUOTATION"
240,2026-C00240,"KM Kitbuyer","ZAMBALES DIVERSIFIED METALS CORPORATION","Meralynn Doria",2026-09-21,"KM Color",BH-C227i,"IMAGING UNIT","IMAGING UNIT IU217M",1,56481.00,56481.00,345,"SEND QUOTATION"
240,2026-C00240,"KM Kitbuyer","ZAMBALES DIVERSIFIED METALS CORPORATION","Meralynn Doria",2026-09-21,"KM Color",BH-C227i,"IMAGING UNIT","IMAGING UNIT IU217Y",1,56481.00,56481.00,345,"SEND QUOTATION"
240,2026-C00240,"KM Kitbuyer","ZAMBALES DIVERSIFIED METALS CORPORATION","Meralynn Doria",2026-09-21,"KM Color",BH-C227i,"TRANSFER ROLLER UNIT","TRANSFER ROLLER UNIT",1,3330.00,3330.00,345,"SEND QUOTATION"
237,2026-C00237,"KM Kitbuyer","REVLVE SOLUTIONS INC.","Meralynn Doria",2026-09-21,"KM Color",BH-C251i,TONER,"TONER BLACK TN328K",2,8162.00,16324.00,230,Delivered
237,2026-C00237,"KM Kitbuyer","REVLVE SOLUTIONS INC.","Meralynn Doria",2026-09-21,"KM Color",BH-C251i,TONER,"TONER YELLOW TN328Y",2,18283.00,36566.00,230,Delivered
237,2026-C00237,"KM Kitbuyer","REVLVE SOLUTIONS INC.","Meralynn Doria",2026-09-21,"KM Color",BH-C251i,TONER,"TONER MAGENTA TN328M",2,18283.00,36566.00,230,Delivered
237,2026-C00237,"KM Kitbuyer","REVLVE SOLUTIONS INC.","Meralynn Doria",2026-09-21,"KM Color",BH-C251i,TONER,"TONER CYAN TN328C",2,18283.00,36566.00,230,Delivered
232,2026-C00232,"KM Kitbuyer","UHBI PARANAQUE DOCTORS HOSP.","Allen Rose Cahilig",2026-09-21,"KM Color",BH-C227i,"DRUM UNIT DR217K","DRUM UNIT DR217K",1,13386.00,13386.00,345,"Sent drum black quotation amounting to Php 13,386.00"
275,2026-C00275,"KM Kitbuyer","F.J WEGON ANIMAL HEALTH AND NUTRITION CORPORATION","Allen Rose Cahilig",2026-09-18,"KM Color",BH-C251i,TONER,"TONER BLACK TN328K",4,8162.00,32648.00,345,"Sent Set of toner Quotation amounting to Php 160, 629.00"
275,2026-C00275,"KM Kitbuyer","F.J WEGON ANIMAL HEALTH AND NUTRITION CORPORATION","Allen Rose Cahilig",2026-09-18,"KM Color",BH-C251i,TONER,"TONER YELLOW TN328Y",2,18283.00,36566.00,345,"Sent Set of toner Quotation amounting to Php 160, 629.00"
275,2026-C00275,"KM Kitbuyer","F.J WEGON ANIMAL HEALTH AND NUTRITION CORPORATION","Allen Rose Cahilig",2026-09-18,"KM Color",BH-C251i,TONER,"TONER MAGENTA TN328M",2,18283.00,36566.00,345,"Sent Set of toner Quotation amounting to Php 160, 629.00"
275,2026-C00275,"KM Kitbuyer","F.J WEGON ANIMAL HEALTH AND NUTRITION CORPORATION","Allen Rose Cahilig",2026-09-18,"KM Color",BH-C251i,TONER,"TONER CYAN TN328C",3,18283.00,54849.00,345,"Sent Set of toner Quotation amounting to Php 160, 629.00"
229,2026-C00229,"KM Kitbuyer","ACE MEDICAL CENTER","Aaron Camacho",2026-09-18,"KM Color",BH-C251i,TONER,"TONER BLACK TN328K",2,8162.00,16324.00,346,"FOR DELIVERY"
221,2026-C00221,"KM Kitbuyer","F.J WEGON ANIMAL HEALTH AND NUTRITION CORPORATION","Allen Rose Cahilig",2026-09-17,"KM Color",BH-C251i,"DRUM UNIT","DRUM UNIT K DR316K",1,22037.00,22037.00,345,"Sent drum unit quotation for CMYK amounting to Php 136,304.00"
221,2026-C00221,"KM Kitbuyer","F.J WEGON ANIMAL HEALTH AND NUTRITION CORPORATION","Allen Rose Cahilig",2026-09-17,"KM Color",BH-C251i,"DRUM UNIT","DRUM UNIT CMY DR316C",1,38089.00,38089.00,345,"Sent drum unit quotation for CMYK amounting to Php 136,304.00"
221,2026-C00221,"KM Kitbuyer","F.J WEGON ANIMAL HEALTH AND NUTRITION CORPORATION","Allen Rose Cahilig",2026-09-17,"KM Color",BH-C251i,"DRUM UNIT","DRUM UNIT CMY DR316M",1,38089.00,38089.00,345,"Sent drum unit quotation for CMYK amounting to Php 136,304.00"
221,2026-C00221,"KM Kitbuyer","F.J WEGON ANIMAL HEALTH AND NUTRITION CORPORATION","Allen Rose Cahilig",2026-09-17,"KM Color",BH-C251i,"DRUM UNIT","DRUM UNIT CMY DR316Y",1,38089.00,38089.00,345,"Sent drum unit quotation for CMYK amounting to Php 136,304.00"
217,2026-C00217,"KM Kitbuyer","MBS SOLVE INSURANCE","Aaron Camacho",2026-09-17,"KM Color",BH-C308,TONER,"TONER BLACK C368/C308 (TN324K)",1,7750.00,7750.00,345,"for quote"
217,2026-C00217,"KM Kitbuyer","MBS SOLVE INSURANCE","Aaron Camacho",2026-09-17,"KM Color",BH-C308,TONER,"TONER YELLOW C368/C308 (TN324Y)",1,16120.00,16120.00,345,"for quote"
217,2026-C00217,"KM Kitbuyer","MBS SOLVE INSURANCE","Aaron Camacho",2026-09-17,"KM Color",BH-C308,TONER,"TONER MAGENTA C368/C308 (TN324M)",1,16120.00,16120.00,345,"for quote"
216,2026-C00216,"KM Kitbuyer","Department of Public Works and Highways","Aaron Camacho",2026-09-17,"KM Color",BHC450i,TONER,"TONER BLACK (TN626K)",1,6617.00,6617.00,345,"FOR QUOTE"
216,2026-C00216,"KM Kitbuyer","Department of Public Works and Highways","Aaron Camacho",2026-09-17,"KM Color",BHC450i,"DRUM UNIT","DRUM UNIT  DR618K",1,18715.00,18715.00,345,"FOR QUOTE"
216,2026-C00216,"KM Kitbuyer","Department of Public Works and Highways","Aaron Camacho",2026-09-17,"KM Color",BHC450i,"Waste toner box ","Waste toner box ",1,2793.00,2793.00,345,"FOR QUOTE"
212,2026-C00212,"KM Kitbuyer","Department of Public Works and Highway - Region 4A","Aaron Camacho",2026-09-16,"KM Color",BHC450i,TONER,"TONER BLACK (TN626K)",1,6617.00,6617.00,345,"for quote"
212,2026-C00212,"KM Kitbuyer","Department of Public Works and Highway - Region 4A","Aaron Camacho",2026-09-16,"KM Color",BHC450i,"Waste toner box ","Waste toner box ",1,2793.00,2793.00,345,"for quote"
210,2026-C00210,"KM Kitbuyer","LUNG CENTER OF THE PHILIPPINES","Aaron Camacho",2026-09-16,"KM Color",BH-C308,TONER,"TONER BLACK C368/C308 (TN324K)",1,7750.00,7750.00,345,"for quote"
210,2026-C00210,"KM Kitbuyer","LUNG CENTER OF THE PHILIPPINES","Aaron Camacho",2026-09-16,"KM Color",BH-C308,TONER,"TONER YELLOW C368/C308 (TN324Y)",1,16120.00,16120.00,345,"for quote"
210,2026-C00210,"KM Kitbuyer","LUNG CENTER OF THE PHILIPPINES","Aaron Camacho",2026-09-16,"KM Color",BH-C308,TONER,"TONER MAGENTA C368/C308 (TN324M)",1,16120.00,16120.00,345,"for quote"
210,2026-C00210,"KM Kitbuyer","LUNG CENTER OF THE PHILIPPINES","Aaron Camacho",2026-09-16,"KM Color",BH-C308,TONER,"TONER CYAN C368/C308 (TN324C)",1,16120.00,16120.00,345,"for quote"
210,2026-C00210,"KM Kitbuyer","LUNG CENTER OF THE PHILIPPINES","Aaron Camacho",2026-09-16,"KM Color",BH-C308,"DEV UNIT","DEV UNIT BLACK C368/C308 (DV313K)",1,22319.00,22319.00,345,"for quote"
210,2026-C00210,"KM Kitbuyer","LUNG CENTER OF THE PHILIPPINES","Aaron Camacho",2026-09-16,"KM Color",BH-C308,"DEV UNIT","DEV UNIT YELLOWC368/C308 (DV313Y)",1,108497.00,108497.00,345,"for quote"
210,2026-C00210,"KM Kitbuyer","LUNG CENTER OF THE PHILIPPINES","Aaron Camacho",2026-09-16,"KM Color",BH-C308,"DEV UNIT","DEV UNIT MAGENTA C368/C308 (DV313M)",1,108497.00,108497.00,345,"for quote"
210,2026-C00210,"KM Kitbuyer","LUNG CENTER OF THE PHILIPPINES","Aaron Camacho",2026-09-16,"KM Color",BH-C308,"DEV UNIT","DEV UNIT CYAN C368/C308 (DV313C)",1,108497.00,108497.00,345,"for quote"
210,2026-C00210,"KM Kitbuyer","LUNG CENTER OF THE PHILIPPINES","Aaron Camacho",2026-09-16,"KM Color",BH-C308,"DRUM UNIT","DRUM UNIT BLACK C368/C308 (DR313K)",1,11160.00,11160.00,345,"for quote"
210,2026-C00210,"KM Kitbuyer","LUNG CENTER OF THE PHILIPPINES","Aaron Camacho",2026-09-16,"KM Color",BH-C308,"DRUM UNIT","DRUM UNIT CMY C368/C308 (DR313)",1,30999.00,30999.00,345,"for quote"
210,2026-C00210,"KM Kitbuyer","LUNG CENTER OF THE PHILIPPINES","Aaron Camacho",2026-09-16,"KM Color",BH-C308,"DRUM UNIT","DRUM UNIT CMY C368/C308 (DR313)",1,30999.00,30999.00,345,"for quote"
210,2026-C00210,"KM Kitbuyer","LUNG CENTER OF THE PHILIPPINES","Aaron Camacho",2026-09-16,"KM Color",BH-C308,"DRUM UNIT","DRUM UNIT CMY C368/C308 (DR313)",1,30999.00,30999.00,345,"for quote"
210,2026-C00210,"KM Kitbuyer","LUNG CENTER OF THE PHILIPPINES","Aaron Camacho",2026-09-16,"KM Color",BH-C308,"WASTE TONER BOX","WASTE TONER BOX",1,2900.00,2900.00,345,"for quote"
210,2026-C00210,"KM Kitbuyer","LUNG CENTER OF THE PHILIPPINES","Aaron Camacho",2026-09-16,"KM Color",BH-C308,"TRANSFER BELT UNIT","TRANSFER BELT UNIT",1,20887.00,20887.00,345,"for quote"
210,2026-C00210,"KM Kitbuyer","LUNG CENTER OF THE PHILIPPINES","Aaron Camacho",2026-09-16,"KM Color",BH-C308,"TRANSFER ROLLER UNIT","TRANSFER ROLLER UNIT",1,2500.00,2500.00,345,"for quote"
210,2026-C00210,"KM Kitbuyer","LUNG CENTER OF THE PHILIPPINES","Aaron Camacho",2026-09-16,"KM Color",BH-C308,"FUSING UNIT 230V","FUSING UNIT 230V",1,26273.00,26273.00,345,"for quote"
207,2026-C00207,"KM Kitbuyer","BUREAU OF FISHERIES & AQUATIC RESOURCES - DIRECTOR'S OFFICE","Aaron Camacho",2026-09-16,"KM Color",BH-C227i,TONER,"TONER BLACK TN227K",2,10447.00,20894.00,230,"delivered 09/18"
207,2026-C00207,"KM Kitbuyer","BUREAU OF FISHERIES & AQUATIC RESOURCES - DIRECTOR'S OFFICE","Aaron Camacho",2026-09-16,"KM Color",BH-C227i,TONER,"TONER YELLOW TN227Y",2,21343.00,42686.00,230,"delivered 09/18"
207,2026-C00207,"KM Kitbuyer","BUREAU OF FISHERIES & AQUATIC RESOURCES - DIRECTOR'S OFFICE","Aaron Camacho",2026-09-16,"KM Color",BH-C227i,TONER,"TONER MAGENTA TN227M",2,21343.00,42686.00,230,"delivered 09/18"
207,2026-C00207,"KM Kitbuyer","BUREAU OF FISHERIES & AQUATIC RESOURCES - DIRECTOR'S OFFICE","Aaron Camacho",2026-09-16,"KM Color",BH-C227i,TONER,"TONER CYAN TN227C",2,21343.00,42686.00,230,"delivered 09/18"
207,2026-C00207,"KM Kitbuyer","BUREAU OF FISHERIES & AQUATIC RESOURCES - DIRECTOR'S OFFICE","Aaron Camacho",2026-09-16,"KM Color",BH-C227i,"IMAGING UNIT","IMAGING UNIT IU217C",1,56481.00,56481.00,230,"delivered 09/18"
207,2026-C00207,"KM Kitbuyer","BUREAU OF FISHERIES & AQUATIC RESOURCES - DIRECTOR'S OFFICE","Aaron Camacho",2026-09-16,"KM Color",BH-C227i,"IMAGING UNIT","IMAGING UNIT IU217M",1,56481.00,56481.00,230,"delivered 09/18"
207,2026-C00207,"KM Kitbuyer","BUREAU OF FISHERIES & AQUATIC RESOURCES - DIRECTOR'S OFFICE","Aaron Camacho",2026-09-16,"KM Color",BH-C227i,"IMAGING UNIT","IMAGING UNIT IU217Y",1,56481.00,56481.00,230,"delivered 09/18"
205,2026-C00205,"KM Kitbuyer","AMTI (ALVA Office)","Meralynn Doria",2026-09-15,"KM Color",BH-C251i,TONER,"TONER BLACK TN328K",31,8162.00,253022.00,345,"Waiting for approval"
205,2026-C00205,"KM Kitbuyer","AMTI (ALVA Office)","Meralynn Doria",2026-09-15,"KM Color",BH-C251i,TONER,"TONER YELLOW TN328Y",15,18283.00,274245.00,345,"Waiting for approval"
205,2026-C00205,"KM Kitbuyer","AMTI (ALVA Office)","Meralynn Doria",2026-09-15,"KM Color",BH-C251i,TONER,"TONER MAGENTA TN328M",15,18283.00,274245.00,345,"Waiting for approval"
205,2026-C00205,"KM Kitbuyer","AMTI (ALVA Office)","Meralynn Doria",2026-09-15,"KM Color",BH-C251i,TONER,"TONER CYAN TN328C",15,18283.00,274245.00,345,"Waiting for approval"
198,2026-C00198,"KM Kitbuyer","YOUNG BUILDERS CORPORATION","Aaron Camacho",2026-09-14,"KM Color",BHC227,"WASTE TONER BOX","WASTE TONER BOX",1,3098.00,3098.00,230,"DELIVERED 09/18"
194,2026-C00194,"KM Kitbuyer","TFB INCORPORATED	","Mary Grace Bendaña",2026-09-11,"KM Color",BHC450i,TONER,"TONER BLACK (TN626K)",2,6617.00,13234.00,345,"waiting for deposit slip"
194,2026-C00194,"KM Kitbuyer","TFB INCORPORATED	","Mary Grace Bendaña",2026-09-11,"KM Color",BHC450i,TONER,"TONER YELLOW (TN626Y)",3,12773.00,38319.00,345,"waiting for deposit slip"
194,2026-C00194,"KM Kitbuyer","TFB INCORPORATED	","Mary Grace Bendaña",2026-09-11,"KM Color",BHC450i,TONER,"TONER MAGENTA (TN626M)",3,12773.00,38319.00,345,"waiting for deposit slip"
194,2026-C00194,"KM Kitbuyer","TFB INCORPORATED	","Mary Grace Bendaña",2026-09-11,"KM Color",BHC450i,TONER,"TONER CYAN (TN626C)",3,12773.00,38319.00,345,"waiting for deposit slip"
192,2026-C00192,"KM Kitbuyer","JOSE R. REYES MEMORIAL MEDICAL CENTER","Meralynn Doria",2026-09-11,"KM Color",BHC227,"IMAGING UNIT","IMAGING UNIT IU214C",1,56481.00,56481.00,349,"will purchase new machine instead"
192,2026-C00192,"KM Kitbuyer","JOSE R. REYES MEMORIAL MEDICAL CENTER","Meralynn Doria",2026-09-11,"KM Color",BHC227,"IMAGING UNIT","IMAGING UNIT IU214M",1,56481.00,56481.00,349,"will purchase new machine instead"
192,2026-C00192,"KM Kitbuyer","JOSE R. REYES MEMORIAL MEDICAL CENTER","Meralynn Doria",2026-09-11,"KM Color",BHC227,"IMAGING UNIT","IMAGING UNIT IU214Y",1,56481.00,56481.00,349,"will purchase new machine instead"
192,2026-C00192,"KM Kitbuyer","JOSE R. REYES MEMORIAL MEDICAL CENTER","Meralynn Doria",2026-09-11,"KM Color",BHC227,"DRUM UNIT DR214K","DRUM UNIT DR214K",1,13386.00,13386.00,349,"will purchase new machine instead"
192,2026-C00192,"KM Kitbuyer","JOSE R. REYES MEMORIAL MEDICAL CENTER","Meralynn Doria",2026-09-11,"KM Color",BHC227,"TRANSFER BELT UNIT","TRANSFER BELT UNIT",1,15335.00,15335.00,349,"will purchase new machine instead"
192,2026-C00192,"KM Kitbuyer","JOSE R. REYES MEMORIAL MEDICAL CENTER","Meralynn Doria",2026-09-11,"KM Color",BHC227,"TRANSFER ROLLER UNIT","TRANSFER ROLLER UNIT",1,3330.00,3330.00,349,"will purchase new machine instead"
188,2026-C00188,"KM Kitbuyer","KARCHER INC.","Allen Rose Cahilig",2026-09-10,"KM Color",BH-C227i,"IMAGING UNIT","IMAGING UNIT IU217C",1,56481.00,56481.00,345,"Sent consumable quotation amounting to Php 190,155.00"
188,2026-C00188,"KM Kitbuyer","KARCHER INC.","Allen Rose Cahilig",2026-09-10,"KM Color",BH-C227i,"IMAGING UNIT","IMAGING UNIT IU217M",1,56481.00,56481.00,345,"Sent consumable quotation amounting to Php 190,155.00"
188,2026-C00188,"KM Kitbuyer","KARCHER INC.","Allen Rose Cahilig",2026-09-10,"KM Color",BH-C227i,"IMAGING UNIT","IMAGING UNIT IU217Y",1,56481.00,56481.00,345,"Sent consumable quotation amounting to Php 190,155.00"
188,2026-C00188,"KM Kitbuyer","KARCHER INC.","Allen Rose Cahilig",2026-09-10,"KM Color",BH-C227i,"FUSING UNIT","FUSING UNIT",1,20712.00,20712.00,345,"Sent consumable quotation amounting to Php 190,155.00"
186,2026-C00186,"KM Kitbuyer"," CITY GOVERNMENT OF MAKATI (KB)","Meralynn Doria",2026-09-10,"KM Color",BH-C308,"DRUM UNIT","DRUM UNIT CMY C368/C308 (DR313)",3,30999.00,92997.00,345,"WAITING FOR THE RFQ"
185,2026-C00185,"KM Kitbuyer","KOPHIEN HOLDINGS INC.","Meralynn Doria",2026-09-10,"KM Color",BH-C227i,"IMAGING UNIT","IMAGING UNIT IU217M",1,56481.00,56481.00,230,Delivered
185,2026-C00185,"KM Kitbuyer","KOPHIEN HOLDINGS INC.","Meralynn Doria",2026-09-10,"KM Color",BH-C227i,"IMAGING UNIT","IMAGING UNIT IU217Y",1,56481.00,56481.00,230,Delivered
182,2026-C00182,"KM Kitbuyer","DPWH RIZAL 2ND DISTRICT ENGINEERING OFFICE","Meralynn Doria",2026-09-09,"KM Color",BHC227,"WASTE TONER BOX","WASTE TONER BOX",1,3098.00,3098.00,345,"For sign NOA"
181,2026-C00181,"KM Kitbuyer","DPWH RIZAL 2ND DISTRICT ENGINEERING OFFICE","Meralynn Doria",2026-09-09,"KM Color",BH-C227i,TONER,"TONER BLACK TN227K",1,10447.00,10447.00,345,"Waiting for approval"
181,2026-C00181,"KM Kitbuyer","DPWH RIZAL 2ND DISTRICT ENGINEERING OFFICE","Meralynn Doria",2026-09-09,"KM Color",BH-C227i,TONER,"TONER YELLOW TN227Y",1,21343.00,21343.00,345,"Waiting for approval"
181,2026-C00181,"KM Kitbuyer","DPWH RIZAL 2ND DISTRICT ENGINEERING OFFICE","Meralynn Doria",2026-09-09,"KM Color",BH-C227i,TONER,"TONER MAGENTA TN227M",1,21343.00,21343.00,345,"Waiting for approval"
181,2026-C00181,"KM Kitbuyer","DPWH RIZAL 2ND DISTRICT ENGINEERING OFFICE","Meralynn Doria",2026-09-09,"KM Color",BH-C227i,TONER,"TONER CYAN TN227C",1,21343.00,21343.00,345,"Waiting for approval"
184,2026-C00184,"KM Kitbuyer","EXPERTISE BPO SERVICES MANILA, INC.","Allen Rose Cahilig",2026-09-08,"KM Color",BH-C308,TONER,"TONER BLACK C368/C308 (TN324K)",1,7750.00,7750.00,230,"Sent toner quotation for black and cyan amounting to Php 23,870.00"
184,2026-C00184,"KM Kitbuyer","EXPERTISE BPO SERVICES MANILA, INC.","Allen Rose Cahilig",2026-09-08,"KM Color",BH-C308,TONER,"TONER CYAN C368/C308 (TN324C)",1,16120.00,16120.00,230,"Sent toner quotation for black and cyan amounting to Php 23,870.00"
173,2026-C00173,"KM Kitbuyer","AIR FORCE GENERAL HOSPITAL","Jenny Calibo",2026-09-07,"KM Color",BH-C251i,TONER,"TONER BLACK TN328K",1,8162.00,8162.00,219,"Price conformation"
173,2026-C00173,"KM Kitbuyer","AIR FORCE GENERAL HOSPITAL","Jenny Calibo",2026-09-07,"KM Color",BH-C251i,TONER,"TONER YELLOW TN328Y",1,18283.00,18283.00,219,"Price conformation"
173,2026-C00173,"KM Kitbuyer","AIR FORCE GENERAL HOSPITAL","Jenny Calibo",2026-09-07,"KM Color",BH-C251i,TONER,"TONER MAGENTA TN328M",1,18283.00,18283.00,219,"Price conformation"
173,2026-C00173,"KM Kitbuyer","AIR FORCE GENERAL HOSPITAL","Jenny Calibo",2026-09-07,"KM Color",BH-C251i,TONER,"TONER CYAN TN328C",1,18283.00,18283.00,219,"Price conformation"
172,2026-C00172,"KM Kitbuyer","TOA CORPORATION","Allen Rose Cahilig",2026-09-07,"KM Color",BH-C300i,"WASTE TONER","WASTE TONER",1,2806.00,2806.00,230,"Already picked up of client in SUCAT WAREHOUSE
"
168,2026-C00168,"KM Kitbuyer","DOXO INGREDIENTS INC.","Aaron Camacho",2026-09-07,"KM Color",BH-C250i,TONER,"TONER YELLOW TN328Y",1,18283.00,18283.00,230,"DELIVRED 09/09"
167,2026-C00167,"KM Kitbuyer","ROMMEL AQUITANA","Aaron Camacho",2026-09-07,"KM Color",BH-C251i,TONER,"TONER BLACK TN328K",1,8162.00,8162.00,230,"DELIVERED 09/07"
167,2026-C00167,"KM Kitbuyer","ROMMEL AQUITANA","Aaron Camacho",2026-09-07,"KM Color",BH-C251i,TONER,"TONER YELLOW TN328Y",1,18283.00,18283.00,230,"DELIVERED 09/07"
165,2026-C00165,"KM Kitbuyer","BE CONNECTED MANAGEMENT SERVICES","Allen Rose Cahilig",2026-09-07,"KM Color",BH-C251i,TONER,"TONER BLACK TN328K",2,8162.00,16324.00,346,"Received PO toner amounting to Php 16,324.00 and coordinated to Grace to process order."
163,2026-C00163,"KM Kitbuyer","BE CONNECTED MANAGEMENT SERVICES","Allen Rose Cahilig",2026-09-07,"KM Color",BH-C251i,TONER,"TONER BLACK TN328K",2,16324.00,32648.00,345,"Sent toner black quotation amounting to Php 16324.00"
161,2026-C00161,"KM Kitbuyer","KARCHER INC.","Allen Rose Cahilig",2026-09-04,"KM Color",BH-C227i,TONER,"TONER BLACK TN227K",1,10447.00,10447.00,345,"Sent toner black quotation amounting to Php 10,447.00"
156,2026-C00156,"KM Kitbuyer","NOVA BUSINESS SYSTEMS INC.","Meralynn Doria",2026-09-04,"KM Color",BH-C458,DEV,"DEV BLACK C458 (DV619K)",1,23394.00,23394.00,349,"Already purchased new machine c551i"
156,2026-C00156,"KM Kitbuyer","NOVA BUSINESS SYSTEMS INC.","Meralynn Doria",2026-09-04,"KM Color",BH-C458,DEV,"DEV YELLOW C458 (DV619Y)",1,113721.00,113721.00,349,"Already purchased new machine c551i"
156,2026-C00156,"KM Kitbuyer","NOVA BUSINESS SYSTEMS INC.","Meralynn Doria",2026-09-04,"KM Color",BH-C458,DEV,"DEV MAGENTA C458 (DV619M)",1,113721.00,113721.00,349,"Already purchased new machine c551i"
156,2026-C00156,"KM Kitbuyer","NOVA BUSINESS SYSTEMS INC.","Meralynn Doria",2026-09-04,"KM Color",BH-C458,DEV,"DEV CYAN C458 (DV619C)",1,113721.00,113721.00,349,"Already purchased new machine c551i"
156,2026-C00156,"KM Kitbuyer","NOVA BUSINESS SYSTEMS INC.","Meralynn Doria",2026-09-04,"KM Color",BH-C458,"DRUM UNIT","DRUM UNIT CMY C368/C308/C458 (DR313)",3,30999.00,92997.00,349,"Already purchased new machine c551i"
156,2026-C00156,"KM Kitbuyer","NOVA BUSINESS SYSTEMS INC.","Meralynn Doria",2026-09-04,"KM Color",BH-C458,"FUSING UNIT","FUSING UNIT FOR BH-C458",1,32027.00,32027.00,349,"Already purchased new machine c551i"
154,2026-C00154,"KM Kitbuyer","ST. PAUL UNIVERSITY QUEZON CITY","Aaron Camacho",2026-09-03,"KM Color",BH-C251i,TONER,"TONER BLACK TN328K",1,8162.00,8162.00,345,"for quote"
154,2026-C00154,"KM Kitbuyer","ST. PAUL UNIVERSITY QUEZON CITY","Aaron Camacho",2026-09-03,"KM Color",BH-C251i,TONER,"TONER MAGENTA TN328M",1,18283.00,18283.00,345,"for quote"
152,2026-C00152,"KM Kitbuyer","AM DIGITAL CREATIONS PRINTING SERVICES","Aaron Camacho",2026-09-03,"KM Color",BH-C300i,TONER,"TONER BLACK TN328K",1,8162.00,8162.00,345,"for quote"
152,2026-C00152,"KM Kitbuyer","AM DIGITAL CREATIONS PRINTING SERVICES","Aaron Camacho",2026-09-03,"KM Color",BH-C300i,TONER,"TONER YELLOW TN328Y",1,18283.00,18283.00,345,"for quote"
152,2026-C00152,"KM Kitbuyer","AM DIGITAL CREATIONS PRINTING SERVICES","Aaron Camacho",2026-09-03,"KM Color",BH-C300i,TONER,"TONER MAGENTA TN328M",1,18283.00,18283.00,345,"for quote"
152,2026-C00152,"KM Kitbuyer","AM DIGITAL CREATIONS PRINTING SERVICES","Aaron Camacho",2026-09-03,"KM Color",BH-C300i,TONER,"TONER CYAN TN328C",1,18283.00,18283.00,345,"for quote"
146,2026-C00146,"KM Kitbuyer","FUNCTIONAL, INC.","Meralynn Doria",2026-09-02,"KM Color",BH-C300i,"DRUM UNIT","DRUM UNIT K DR316K",1,22037.00,22037.00,345,"Still waiting for approval"
146,2026-C00146,"KM Kitbuyer","FUNCTIONAL, INC.","Meralynn Doria",2026-09-02,"KM Color",BH-C300i,"DRUM UNIT","DRUM UNIT CMY DR316CMY",3,30999.00,92997.00,345,"Still waiting for approval"
143,2026-C00143,"KM Kitbuyer","EASTWORLD MOTOR INDUSTRIES CORPORATION","Meralynn Doria",2026-09-02,"KM Color",BH-C251i,TONER,"TONER BLACK TN328K",1,8162.00,8162.00,230,Delivered
138,2026-C00138,"KM Kitbuyer","BUREAU OF FISHERIES & AQUATIC RESOURCES - PLANNING DEPARTMENT","Aaron Camacho",2026-09-01,"KM Color",BH-C300i,"DEV UNIT","DEV UNIT BLACK DV315K",1,39178.00,39178.00,345,"in the works"
138,2026-C00138,"KM Kitbuyer","BUREAU OF FISHERIES & AQUATIC RESOURCES - PLANNING DEPARTMENT","Aaron Camacho",2026-09-01,"KM Color",BH-C300i,"DEV UNIT","DEV YELLOW DV315Y",1,190447.00,190447.00,345,"in the works"
138,2026-C00138,"KM Kitbuyer","BUREAU OF FISHERIES & AQUATIC RESOURCES - PLANNING DEPARTMENT","Aaron Camacho",2026-09-01,"KM Color",BH-C300i,"DEV UNIT","DEV MAGENTA DV315M",1,190447.00,190447.00,345,"in the works"
138,2026-C00138,"KM Kitbuyer","BUREAU OF FISHERIES & AQUATIC RESOURCES - PLANNING DEPARTMENT","Aaron Camacho",2026-09-01,"KM Color",BH-C300i,"DEV UNIT","DEV CYAN DV315C",1,190447.00,190447.00,345,"in the works"
138,2026-C00138,"KM Kitbuyer","BUREAU OF FISHERIES & AQUATIC RESOURCES - PLANNING DEPARTMENT","Aaron Camacho",2026-09-01,"KM Color",BH-C300i,"DRUM UNIT","DRUM UNIT K DR316K",1,22037.00,22037.00,345,"in the works"
138,2026-C00138,"KM Kitbuyer","BUREAU OF FISHERIES & AQUATIC RESOURCES - PLANNING DEPARTMENT","Aaron Camacho",2026-09-01,"KM Color",BH-C300i,"DRUM UNIT","DRUM UNIT CMY DR316CMY",1,38089.00,38089.00,345,"in the works"
138,2026-C00138,"KM Kitbuyer","BUREAU OF FISHERIES & AQUATIC RESOURCES - PLANNING DEPARTMENT","Aaron Camacho",2026-09-01,"KM Color",BH-C300i,"DRUM UNIT","DRUM UNIT CMY DR316CMY",1,38089.00,38089.00,345,"in the works"
138,2026-C00138,"KM Kitbuyer","BUREAU OF FISHERIES & AQUATIC RESOURCES - PLANNING DEPARTMENT","Aaron Camacho",2026-09-01,"KM Color",BH-C300i,"DRUM UNIT","DRUM UNIT CMY DR316CMY",1,38089.00,38089.00,345,"in the works"
134,2026-C00134,"KM Kitbuyer","GREEN DOT PRINTING SERVICES","Allen Rose Cahilig",2026-09-01,"KM Color",C454,DRUM,"DRUM CMY (DR512)",1,30528.00,30528.00,345,"Sent drum quotation amounting to Php 30,528.00"
132,2026-C00132,"KM Kitbuyer","LUNG CENTER OF THE PHILIPPINES","Aaron Camacho",2026-09-01,"KM Color",C224E,TONER,"TONER  YELLOW",1,15264.00,15264.00,345,"quote for 2027"
132,2026-C00132,"KM Kitbuyer","LUNG CENTER OF THE PHILIPPINES","Aaron Camacho",2026-09-01,"KM Color",C224E,TONER,"TONER MAGENTA",1,15264.00,15264.00,345,"quote for 2027"
132,2026-C00132,"KM Kitbuyer","LUNG CENTER OF THE PHILIPPINES","Aaron Camacho",2026-09-01,"KM Color",C224E,TONER,"TONER CYAN",1,15264.00,15264.00,345,"quote for 2027"
132,2026-C00132,"KM Kitbuyer","LUNG CENTER OF THE PHILIPPINES","Aaron Camacho",2026-09-01,"KM Color",C224E,"DEVELOPING UNIT","DEVELOPING UNIT BLACK",1,27475.00,27475.00,345,"quote for 2027"
132,2026-C00132,"KM Kitbuyer","LUNG CENTER OF THE PHILIPPINES","Aaron Camacho",2026-09-01,"KM Color",C224E,"DEVELOPING UNIT","DEVELOPING UNIT CYAN",1,152640.00,152640.00,345,"quote for 2027"
132,2026-C00132,"KM Kitbuyer","LUNG CENTER OF THE PHILIPPINES","Aaron Camacho",2026-09-01,"KM Color",C224E,"DEVELOPING UNIT","DEVELOPING UNIT MAGENTA",1,152640.00,152640.00,345,"quote for 2027"
132,2026-C00132,"KM Kitbuyer","LUNG CENTER OF THE PHILIPPINES","Aaron Camacho",2026-09-01,"KM Color",C224E,"DEVELOPING UNIT","DEVELOPING UNIT YELLOW",1,152640.00,152640.00,345,"quote for 2027"
131,2026-C00131,"KM Kitbuyer","LUNG CENTER OF THE PHILIPPINES","Aaron Camacho",2026-09-01,"KM Color",BH-C227i,TONER,"TONER BLACK TN227K",1,10447.00,10447.00,345,"quote for 2027"
131,2026-C00131,"KM Kitbuyer","LUNG CENTER OF THE PHILIPPINES","Aaron Camacho",2026-09-01,"KM Color",BH-C227i,TONER,"TONER YELLOW TN227Y",1,21343.00,21343.00,345,"quote for 2027"
131,2026-C00131,"KM Kitbuyer","LUNG CENTER OF THE PHILIPPINES","Aaron Camacho",2026-09-01,"KM Color",BH-C227i,TONER,"TONER MAGENTA TN227M",1,21343.00,21343.00,345,"quote for 2027"
131,2026-C00131,"KM Kitbuyer","LUNG CENTER OF THE PHILIPPINES","Aaron Camacho",2026-09-01,"KM Color",BH-C227i,TONER,"TONER CYAN TN227C",1,21343.00,21343.00,345,"quote for 2027"
131,2026-C00131,"KM Kitbuyer","LUNG CENTER OF THE PHILIPPINES","Aaron Camacho",2026-09-01,"KM Color",BH-C227i,"DEV UNIT DV216","DEV UNIT DV216",1,22224.00,22224.00,345,"quote for 2027"
131,2026-C00131,"KM Kitbuyer","LUNG CENTER OF THE PHILIPPINES","Aaron Camacho",2026-09-01,"KM Color",BH-C227i,"IMAGING UNIT","IMAGING UNIT IU217C",1,56481.00,56481.00,345,"quote for 2027"
131,2026-C00131,"KM Kitbuyer","LUNG CENTER OF THE PHILIPPINES","Aaron Camacho",2026-09-01,"KM Color",BH-C227i,"IMAGING UNIT","IMAGING UNIT IU217M",1,56481.00,56481.00,345,"quote for 2027"
131,2026-C00131,"KM Kitbuyer","LUNG CENTER OF THE PHILIPPINES","Aaron Camacho",2026-09-01,"KM Color",BH-C227i,"IMAGING UNIT","IMAGING UNIT IU217Y",1,56481.00,56481.00,345,"quote for 2027"
131,2026-C00131,"KM Kitbuyer","LUNG CENTER OF THE PHILIPPINES","Aaron Camacho",2026-09-01,"KM Color",BH-C227i,"DRUM UNIT DR217K","DRUM UNIT DR217K",1,13386.00,13386.00,345,"quote for 2027"
131,2026-C00131,"KM Kitbuyer","LUNG CENTER OF THE PHILIPPINES","Aaron Camacho",2026-09-01,"KM Color",BH-C227i,"WASTE TONER BOX","WASTE TONER BOX",1,3098.00,3098.00,345,"quote for 2027"
131,2026-C00131,"KM Kitbuyer","LUNG CENTER OF THE PHILIPPINES","Aaron Camacho",2026-09-01,"KM Color",BH-C227i,"TRANSFER BELT UNIT","TRANSFER BELT UNIT",1,15335.00,15335.00,345,"quote for 2027"
131,2026-C00131,"KM Kitbuyer","LUNG CENTER OF THE PHILIPPINES","Aaron Camacho",2026-09-01,"KM Color",BH-C227i,"TRANSFER ROLLER UNIT","TRANSFER ROLLER UNIT",1,3330.00,3330.00,345,"quote for 2027"
131,2026-C00131,"KM Kitbuyer","LUNG CENTER OF THE PHILIPPINES","Aaron Camacho",2026-09-01,"KM Color",BH-C227i,"FUSING UNIT","FUSING UNIT",1,20712.00,20712.00,345,"quote for 2027"
130,2026-C00130,"KM Kitbuyer","LUNG CENTER OF THE PHILIPPINES","Aaron Camacho",2026-09-01,"KM Color",BH-C308,TONER,"TONER BLACK C368/C308 (TN324K)",1,7750.00,7750.00,345,"quote for 2027"
130,2026-C00130,"KM Kitbuyer","LUNG CENTER OF THE PHILIPPINES","Aaron Camacho",2026-09-01,"KM Color",BH-C308,TONER,"TONER YELLOW C368/C308 (TN324Y)",1,16120.00,16120.00,345,"quote for 2027"
130,2026-C00130,"KM Kitbuyer","LUNG CENTER OF THE PHILIPPINES","Aaron Camacho",2026-09-01,"KM Color",BH-C308,TONER,"TONER MAGENTA C368/C308 (TN324M)",1,16120.00,16120.00,345,"quote for 2027"
130,2026-C00130,"KM Kitbuyer","LUNG CENTER OF THE PHILIPPINES","Aaron Camacho",2026-09-01,"KM Color",BH-C308,TONER,"TONER CYAN C368/C308 (TN324C)",1,16120.00,16120.00,345,"quote for 2027"
130,2026-C00130,"KM Kitbuyer","LUNG CENTER OF THE PHILIPPINES","Aaron Camacho",2026-09-01,"KM Color",BH-C308,"DEV UNIT","DEV UNIT BLACK C368/C308 (DV313K)",1,22319.00,22319.00,345,"quote for 2027"
130,2026-C00130,"KM Kitbuyer","LUNG CENTER OF THE PHILIPPINES","Aaron Camacho",2026-09-01,"KM Color",BH-C308,"DEV UNIT","DEV UNIT YELLOWC368/C308 (DV313Y)",1,108497.00,108497.00,345,"quote for 2027"
130,2026-C00130,"KM Kitbuyer","LUNG CENTER OF THE PHILIPPINES","Aaron Camacho",2026-09-01,"KM Color",BH-C308,"DEV UNIT","DEV UNIT MAGENTA C368/C308 (DV313M)",1,108497.00,108497.00,345,"quote for 2027"
130,2026-C00130,"KM Kitbuyer","LUNG CENTER OF THE PHILIPPINES","Aaron Camacho",2026-09-01,"KM Color",BH-C308,"DEV UNIT","DEV UNIT CYAN C368/C308 (DV313C)",1,108497.00,108497.00,345,"quote for 2027"
130,2026-C00130,"KM Kitbuyer","LUNG CENTER OF THE PHILIPPINES","Aaron Camacho",2026-09-01,"KM Color",BH-C308,"DRUM UNIT","DRUM UNIT BLACK C368/C308 (DR313K)",1,11160.00,11160.00,345,"quote for 2027"
130,2026-C00130,"KM Kitbuyer","LUNG CENTER OF THE PHILIPPINES","Aaron Camacho",2026-09-01,"KM Color",BH-C308,"DRUM UNIT","DRUM UNIT CMY C368/C308 (DR313)",1,30999.00,30999.00,345,"quote for 2027"
130,2026-C00130,"KM Kitbuyer","LUNG CENTER OF THE PHILIPPINES","Aaron Camacho",2026-09-01,"KM Color",BH-C308,"DRUM UNIT","DRUM UNIT CMY C368/C308 (DR313)",1,30999.00,30999.00,345,"quote for 2027"
130,2026-C00130,"KM Kitbuyer","LUNG CENTER OF THE PHILIPPINES","Aaron Camacho",2026-09-01,"KM Color",BH-C308,"DRUM UNIT","DRUM UNIT CMY C368/C308 (DR313)",1,30999.00,30999.00,345,"quote for 2027"
130,2026-C00130,"KM Kitbuyer","LUNG CENTER OF THE PHILIPPINES","Aaron Camacho",2026-09-01,"KM Color",BH-C308,"WASTE TONER BOX","WASTE TONER BOX",1,2900.00,2900.00,345,"quote for 2027"
130,2026-C00130,"KM Kitbuyer","LUNG CENTER OF THE PHILIPPINES","Aaron Camacho",2026-09-01,"KM Color",BH-C308,"TRANSFER BELT UNIT","TRANSFER BELT UNIT",1,20887.00,20887.00,345,"quote for 2027"
130,2026-C00130,"KM Kitbuyer","LUNG CENTER OF THE PHILIPPINES","Aaron Camacho",2026-09-01,"KM Color",BH-C308,"TRANSFER ROLLER UNIT","TRANSFER ROLLER UNIT",1,2500.00,2500.00,345,"quote for 2027"
130,2026-C00130,"KM Kitbuyer","LUNG CENTER OF THE PHILIPPINES","Aaron Camacho",2026-09-01,"KM Color",BH-C308,"FUSING UNIT 230V","FUSING UNIT 230V",1,26273.00,26273.00,345,"quote for 2027"
129,2026-C00129,"KM Kitbuyer","EROVOUTIKA ROBOTICS & AUTOMATION SOLUTIONS","Meralynn Doria",2026-08-28,"KM Color",BH-C251i,TONER,"TONER CYAN TN328C",1,18283.00,18283.00,230,"Delivered thru lalamove"
116,2026-C00116,"KM Kitbuyer","IRASETH PHARMA INC.","Aaron Camacho",2026-08-27,"KM Color",BHC227,"FUSING UNIT","FUSING UNIT",1,20712.00,20712.00,345,"waiting for PO"
108,2026-C00108,"KM Kitbuyer","ROMMEL AQUITANA","Aaron Camacho",2026-08-26,"KM Color",BH-C251i,TONER,"TONER MAGENTA TN328M",1,18283.00,18283.00,230,"DELIVERED 08/28"
106,2026-C00106,"KM Kitbuyer","IRASETH PHARMA INC.","Aaron Camacho",2026-08-26,"KM Color",BHC227,TONER,"TONER BLACK C287/C227 (TN221K)",1,10447.00,10447.00,345,"for quote"
106,2026-C00106,"KM Kitbuyer","IRASETH PHARMA INC.","Aaron Camacho",2026-08-26,"KM Color",BHC227,TONER,"TONER YELLOW C287/C227 (TN221Y)",1,19752.00,19752.00,345,"for quote"
106,2026-C00106,"KM Kitbuyer","IRASETH PHARMA INC.","Aaron Camacho",2026-08-26,"KM Color",BHC227,TONER,"TONER MAGENTA C287/C227 (TN221M)",1,19752.00,19752.00,345,"for quote"
106,2026-C00106,"KM Kitbuyer","IRASETH PHARMA INC.","Aaron Camacho",2026-08-26,"KM Color",BHC227,TONER,"TONER CYAN C287/C227 (TN221C)",1,19752.00,19752.00,345,"for quote"
106,2026-C00106,"KM Kitbuyer","IRASETH PHARMA INC.","Aaron Camacho",2026-08-26,"KM Color",BHC287,"IMAGING UNIT","IMAGING UNIT IU214M",1,56481.00,56481.00,345,"for quote"
105,2026-C00105,"KM Kitbuyer","EROVOUTIKA ROBOTICS & AUTOMATION SOLUTIONS","Meralynn Doria",2026-08-26,"KM Color",BH-C251i,TONER,"TONER CYAN TN328C",1,18283.00,18283.00,346,"Waiting for the payment to deposit"
101,2026-C00101,"KM Kitbuyer","PLANET DRUGSTORE CORPORATION","Aaron Camacho",2026-08-25,"KM Color",BHC227,"IMAGING UNIT","IMAGING UNIT IU214C",1,56481.00,56481.00,230,"DELIVERED 08/28"
101,2026-C00101,"KM Kitbuyer","PLANET DRUGSTORE CORPORATION","Aaron Camacho",2026-08-25,"KM Color",BHC227,"IMAGING UNIT","IMAGING UNIT IU214M",1,56481.00,56481.00,230,"DELIVERED 08/28"
101,2026-C00101,"KM Kitbuyer","PLANET DRUGSTORE CORPORATION","Aaron Camacho",2026-08-25,"KM Color",BHC227,"IMAGING UNIT","IMAGING UNIT IU214Y",1,56481.00,56481.00,230,"DELIVERED 08/28"
101,2026-C00101,"KM Kitbuyer","PLANET DRUGSTORE CORPORATION","Aaron Camacho",2026-08-25,"KM Color",BHC227,"TRANSFER BELT UNIT","TRANSFER BELT UNIT",1,15335.00,15335.00,230,"DELIVERED 08/28"
100,2026-C00100,"KM Kitbuyer","DOXO INGREDIENTS INC.","Aaron Camacho",2026-08-25,"KM Color",BH-C250i,TONER,"TONER BLACK TN328K",1,8162.00,8162.00,230,"DELIVERED 09/04"
100,2026-C00100,"KM Kitbuyer","DOXO INGREDIENTS INC.","Aaron Camacho",2026-08-25,"KM Color",BH-C250i,TONER,"TONER MAGENTA TN328M",1,18283.00,18283.00,230,"DELIVERED 09/04"
99,2026-C00099,"KM Kitbuyer","PLANET DRUGSTORE CORPORATION","Aaron Camacho",2026-08-25,"KM Color",BHC227,TONER,"TONER BLACK C287/C227 (TN221K)",3,10447.00,31341.00,230,"DELIVERED 08/28"
99,2026-C00099,"KM Kitbuyer","PLANET DRUGSTORE CORPORATION","Aaron Camacho",2026-08-25,"KM Color",BHC227,TONER,"TONER YELLOW C287/C227 (TN221Y)",2,19752.00,39504.00,230,"DELIVERED 08/28"
99,2026-C00099,"KM Kitbuyer","PLANET DRUGSTORE CORPORATION","Aaron Camacho",2026-08-25,"KM Color",BHC227,TONER,"TONER MAGENTA C287/C227 (TN221M)",2,19752.00,39504.00,230,"DELIVERED 08/28"
99,2026-C00099,"KM Kitbuyer","PLANET DRUGSTORE CORPORATION","Aaron Camacho",2026-08-25,"KM Color",BHC227,TONER,"TONER CYAN C287/C227 (TN221C)",2,19752.00,39504.00,230,"DELIVERED 08/28"
99,2026-C00099,"KM Kitbuyer","PLANET DRUGSTORE CORPORATION","Aaron Camacho",2026-08-25,"KM Color",BH-C227i,TONER,"TONER BLACK TN227K",2,10447.00,20894.00,230,"DELIVERED 08/28"
99,2026-C00099,"KM Kitbuyer","PLANET DRUGSTORE CORPORATION","Aaron Camacho",2026-08-25,"KM Color",BH-C227i,TONER,"TONER YELLOW TN227Y",2,21343.00,42686.00,230,"DELIVERED 08/28"
99,2026-C00099,"KM Kitbuyer","PLANET DRUGSTORE CORPORATION","Aaron Camacho",2026-08-25,"KM Color",BH-C227i,TONER,"TONER MAGENTA TN227M",2,21343.00,42686.00,230,"DELIVERED 08/28"
99,2026-C00099,"KM Kitbuyer","PLANET DRUGSTORE CORPORATION","Aaron Camacho",2026-08-25,"KM Color",BH-C227i,TONER,"TONER CYAN TN227C",2,21343.00,42686.00,230,"DELIVERED 08/28"
98,2026-C00098,"KM Kitbuyer","ROMMEL AQUITANA","Aaron Camacho",2026-08-25,"KM Color",BH-C251i,TONER,"TONER BLACK TN328K",1,8162.00,8162.00,230,DELIVERED
98,2026-C00098,"KM Kitbuyer","ROMMEL AQUITANA","Aaron Camacho",2026-08-25,"KM Color",BH-C251i,TONER,"TONER CYAN TN328C",1,18283.00,18283.00,230,DELIVERED
94,2026-C00094,"KM Kitbuyer","PLANET DRUGSTORE CORPORATION","Aaron Camacho",2026-08-24,"KM Color",BHC227,TONER,"TONER BLACK C287/C227 (TN221K)",3,10447.00,31341.00,345,"FOR PO"
94,2026-C00094,"KM Kitbuyer","PLANET DRUGSTORE CORPORATION","Aaron Camacho",2026-08-24,"KM Color",BHC227,TONER,"TONER YELLOW C287/C227 (TN221Y)",2,19752.00,39504.00,345,"FOR PO"
94,2026-C00094,"KM Kitbuyer","PLANET DRUGSTORE CORPORATION","Aaron Camacho",2026-08-24,"KM Color",BHC227,TONER,"TONER MAGENTA C287/C227 (TN221M)",2,19752.00,39504.00,345,"FOR PO"
94,2026-C00094,"KM Kitbuyer","PLANET DRUGSTORE CORPORATION","Aaron Camacho",2026-08-24,"KM Color",BHC227,TONER,"TONER CYAN C287/C227 (TN221C)",2,19752.00,39504.00,345,"FOR PO"
94,2026-C00094,"KM Kitbuyer","PLANET DRUGSTORE CORPORATION","Aaron Camacho",2026-08-24,"KM Color",BHC227,"IMAGING UNIT","IMAGING UNIT IU214C",1,56481.00,56481.00,345,"FOR PO"
94,2026-C00094,"KM Kitbuyer","PLANET DRUGSTORE CORPORATION","Aaron Camacho",2026-08-24,"KM Color",BHC227,"IMAGING UNIT","IMAGING UNIT IU214M",1,56481.00,56481.00,345,"FOR PO"
94,2026-C00094,"KM Kitbuyer","PLANET DRUGSTORE CORPORATION","Aaron Camacho",2026-08-24,"KM Color",BHC227,"IMAGING UNIT","IMAGING UNIT IU214Y",1,56481.00,56481.00,345,"FOR PO"
94,2026-C00094,"KM Kitbuyer","PLANET DRUGSTORE CORPORATION","Aaron Camacho",2026-08-24,"KM Color",BHC227,"TRANSFER BELT UNIT","TRANSFER BELT UNIT",1,15335.00,15335.00,345,"FOR PO"
94,2026-C00094,"KM Kitbuyer","PLANET DRUGSTORE CORPORATION","Aaron Camacho",2026-08-24,"KM Color",BH-C227i,TONER,"TONER BLACK TN227K",2,10447.00,20894.00,345,"FOR PO"
94,2026-C00094,"KM Kitbuyer","PLANET DRUGSTORE CORPORATION","Aaron Camacho",2026-08-24,"KM Color",BH-C227i,TONER,"TONER YELLOW TN227Y",2,21343.00,42686.00,345,"FOR PO"
94,2026-C00094,"KM Kitbuyer","PLANET DRUGSTORE CORPORATION","Aaron Camacho",2026-08-24,"KM Color",BH-C227i,TONER,"TONER MAGENTA TN227M",2,21343.00,42686.00,345,"FOR PO"
94,2026-C00094,"KM Kitbuyer","PLANET DRUGSTORE CORPORATION","Aaron Camacho",2026-08-24,"KM Color",BH-C227i,TONER,"TONER CYAN TN227C",2,21343.00,42686.00,345,"FOR PO"
91,2026-C00091,"KM Kitbuyer","BRIESE SCHIFFART PHILIPPINES, INC","Allen Rose Cahilig",2026-08-20,"KM Color",BH-C227i,TONER,"TONER BLACK TN227K",1,10447.00,10447.00,230,"Sent toner quotation amounting to Php 53,133.00"
91,2026-C00091,"KM Kitbuyer","BRIESE SCHIFFART PHILIPPINES, INC","Allen Rose Cahilig",2026-08-20,"KM Color",BH-C227i,TONER,"TONER YELLOW TN227Y",1,21343.00,21343.00,230,"Sent toner quotation amounting to Php 53,133.00"
91,2026-C00091,"KM Kitbuyer","BRIESE SCHIFFART PHILIPPINES, INC","Allen Rose Cahilig",2026-08-20,"KM Color",BH-C227i,TONER,"TONER CYAN TN227C",1,21343.00,21343.00,230,"Sent toner quotation amounting to Php 53,133.00"
87,2026-C00087,"KM Kitbuyer","UNIHEALTH PARAÑAQUE HOSPITAL & MED. CENTER","Allen Rose Cahilig",2026-08-19,"KM Color",BH-C227i,TONER,"TONER BLACK TN227K",3,10447.00,31341.00,230,"Received approved PO for Toner Black amounting to Php 31,341.00 and already forwarded to Grace to process PO."
83,2026-C00083,"KM Kitbuyer","JJM CONSTRUCTION INC","Allen Rose Cahilig",2026-08-19,"KM Color",BH-C227i,TONER,"TONER MAGENTA TN227M",1,21343.00,21343.00,346,"Received approved  toner- Magenta quotation and coordinated to Grace to process order."
82,2026-C00082,"KM Kitbuyer","NAMRIA ","Allen Rose Cahilig",2026-08-19,"KM Color",BH-C458,DEV,"DEV YELLOW C458 (DV619Y)",1,113721.00,113721.00,230,"Sent cons quotation to the client amounting to Php 147,760.00"
82,2026-C00082,"KM Kitbuyer","NAMRIA ","Allen Rose Cahilig",2026-08-19,"KM Color",BH-C458,"WASTE TONER BOX","WASTE TONER BOX",1,3040.00,3040.00,230,"Sent cons quotation to the client amounting to Php 147,760.00"
82,2026-C00082,"KM Kitbuyer","NAMRIA ","Allen Rose Cahilig",2026-08-19,"KM Color",BH-C458,Roller,"Roller ADXG560100",5,613.00,3065.00,230,"Sent cons quotation to the client amounting to Php 147,760.00"
77,2026-C00077,"KM Kitbuyer","DOXO INGREDIENTS INC.","Aaron Camacho",2026-08-18,"KM Color",BH-C250i,TONER,"TONER YELLOW TN328Y",1,18283.00,18283.00,230,DELIVERED
77,2026-C00077,"KM Kitbuyer","DOXO INGREDIENTS INC.","Aaron Camacho",2026-08-18,"KM Color",BH-C250i,TONER,"TONER CYAN TN328C",1,18283.00,18283.00,230,DELIVERED
76,2026-C00076,"KM Kitbuyer","DSWD FIELD OFFICE MIMAROPA","Meralynn Doria",2026-08-18,"KM Color",BH-C300i,TONER,"TONER BLACK TN328K",3,8162.00,24486.00,345,"With NOA. Waiting for the Purchased order"
76,2026-C00076,"KM Kitbuyer","DSWD FIELD OFFICE MIMAROPA","Meralynn Doria",2026-08-18,"KM Color",BH-C300i,TONER,"TONER YELLOW TN328Y",2,18283.00,36566.00,345,"With NOA. Waiting for the Purchased order"
76,2026-C00076,"KM Kitbuyer","DSWD FIELD OFFICE MIMAROPA","Meralynn Doria",2026-08-18,"KM Color",BH-C300i,TONER,"TONER MAGENTA TN328M",2,18283.00,36566.00,345,"With NOA. Waiting for the Purchased order"
76,2026-C00076,"KM Kitbuyer","DSWD FIELD OFFICE MIMAROPA","Meralynn Doria",2026-08-18,"KM Color",BH-C300i,TONER,"TONER CYAN TN328C",2,18283.00,36566.00,345,"With NOA. Waiting for the Purchased order"
76,2026-C00076,"KM Kitbuyer","DSWD FIELD OFFICE MIMAROPA","Meralynn Doria",2026-08-18,"KM Color",BH-C300i,"DEV UNIT","DEV UNIT BLACK DV315K",1,39178.00,39178.00,345,"With NOA. Waiting for the Purchased order"
76,2026-C00076,"KM Kitbuyer","DSWD FIELD OFFICE MIMAROPA","Meralynn Doria",2026-08-18,"KM Color",BH-C300i,"DRUM UNIT","DRUM UNIT K DR316K",2,22037.00,44074.00,345,"With NOA. Waiting for the Purchased order"
76,2026-C00076,"KM Kitbuyer","DSWD FIELD OFFICE MIMAROPA","Meralynn Doria",2026-08-18,"KM Color",BH-C300i,"DRUM UNIT","DRUM UNIT CMY DR316CMY",3,38089.00,114267.00,345,"With NOA. Waiting for the Purchased order"
76,2026-C00076,"KM Kitbuyer","DSWD FIELD OFFICE MIMAROPA","Meralynn Doria",2026-08-18,"KM Color",BH-C300i,"2ND IMAGE TRANSFER ROLLER ASSY","2ND IMAGE TRANSFER ROLLER ASSY",2,17351.00,34702.00,345,"With NOA. Waiting for the Purchased order"
76,2026-C00076,"KM Kitbuyer","DSWD FIELD OFFICE MIMAROPA","Meralynn Doria",2026-08-18,"KM Color",BH-C300i,"FUSING UNIT","FUSING UNIT",2,34731.00,69462.00,345,"With NOA. Waiting for the Purchased order"
75,2026-C00075,"KM Kitbuyer","GRIEG PHILIPPINES INC.","Meralynn Doria",2026-08-18,"KM Color",BHC450i,TONER,"TONER BLACK (TN626K)",3,6617.00,19851.00,230,Delivered
75,2026-C00075,"KM Kitbuyer","GRIEG PHILIPPINES INC.","Meralynn Doria",2026-08-18,"KM Color",BHC450i,TONER,"TONER YELLOW (TN626Y)",1,12773.00,12773.00,230,Delivered
70,2026-C00070,"KM Kitbuyer","ROMMEL AQUITANA","Aaron Camacho",2026-08-17,"KM Color",BH-C250i,TONER,"TONER YELLOW TN328Y",1,18283.00,18283.00,230,DELIVERED
69,2026-C00069,"KM Kitbuyer","PERI ASIA PHILIPPINES INC.","Allen Rose Cahilig",2026-08-17,"KM Color",BH-C308,"DRUM UNIT","DRUM UNIT BLACK C368/C308 (DR313K)",1,11160.00,11160.00,230,"Sent Drum quotation and subject for approval"
74,2026-C00074,"KM Kitbuyer","REVLV SOLUTIONS INC.","Meralynn Doria",2026-08-14,"KM Color",BHC551i,"Waste toner box ","Waste toner box ",1,2793.00,2793.00,230,Delivered
62,2026-C00062,"KM Kitbuyer","TOA CORPORATION","Allen Rose Cahilig",2026-08-14,"KM Color",BH-C300i,TONER,"TONER YELLOW TN328Y",1,18283.00,18283.00,230,"Sent Quotation for CMY Toner amounting to Php 52,106.55 with 5% discounts. "
62,2026-C00062,"KM Kitbuyer","TOA CORPORATION","Allen Rose Cahilig",2026-08-14,"KM Color",BH-C300i,TONER,"TONER MAGENTA TN328M",1,18283.00,18283.00,230,"Sent Quotation for CMY Toner amounting to Php 52,106.55 with 5% discounts. "
62,2026-C00062,"KM Kitbuyer","TOA CORPORATION","Allen Rose Cahilig",2026-08-14,"KM Color",BH-C300i,TONER,"TONER CYAN TN328C",1,18283.00,18283.00,230,"Sent Quotation for CMY Toner amounting to Php 52,106.55 with 5% discounts. "
61,2026-C00061,"KM Kitbuyer",test,"Aaron Camacho",2026-08-14,"KM Color",C1070,"2nd transfer rolers / low","2nd transfer rolers / low",1,41546514.00,41546514.00,345,test
56,2026-C00056,"KM Kitbuyer","FOOD AND NUTRITION RESEARCH INSTITUTE(FNRI)","Allen Rose Cahilig",2026-08-13,"KM Color",BH-C227i,"IMAGING UNIT","IMAGING UNIT IU217C",1,56481.00,56481.00,345,"With imaging units quotation for Directors office. Subject for PR"
56,2026-C00056,"KM Kitbuyer","FOOD AND NUTRITION RESEARCH INSTITUTE(FNRI)","Allen Rose Cahilig",2026-08-13,"KM Color",BH-C227i,"IMAGING UNIT","IMAGING UNIT IU217M",1,56481.00,56481.00,345,"With imaging units quotation for Directors office. Subject for PR"
56,2026-C00056,"KM Kitbuyer","FOOD AND NUTRITION RESEARCH INSTITUTE(FNRI)","Allen Rose Cahilig",2026-08-13,"KM Color",BH-C227i,"IMAGING UNIT","IMAGING UNIT IU217Y",1,56481.00,56481.00,345,"With imaging units quotation for Directors office. Subject for PR"
54,2026-C00054,"KM Kitbuyer","BE CONNECTED MANAGEMENT SERVICES","Allen Rose Cahilig",2026-08-13,"KM Color",BH-C227i,TONER,"TONER YELLOW TN227Y",1,18283.00,18283.00,345,"With toner yellow quotation. Waiting for approved PO."
52,2026-C00052,"KM Kitbuyer","UHBI PARANAQUE DOCTORS HOSPITAL","Allen Rose Cahilig",2026-08-13,"KM Color",BH-C227i,"DRUM UNIT DR217K","DRUM UNIT DR217K",1,13386.00,13386.00,345,"With quotation for drum unit. Waiting for approved PO."
48,2026-C00048,"KM Kitbuyer","COUNCILOR EDWIN BENZON","Allen Rose Cahilig",2026-08-13,"KM Color",BHC4050i,"IMAGING UNIT","IMAGING UNIT BLACK (IUP35K)",1,70872.00,70872.00,349,"Opted to give a service unit of imaging units to client due to not meet the copy life and problamatic machine."
48,2026-C00048,"KM Kitbuyer","COUNCILOR EDWIN BENZON","Allen Rose Cahilig",2026-08-13,"KM Color",BHC4050i,"IMAGING UNIT","IMAGING UNIT YELLOW (IUP35Y)",1,89948.00,89948.00,349,"Opted to give a service unit of imaging units to client due to not meet the copy life and problamatic machine."
46,2026-C00046,"KM Kitbuyer","BUREAU OF FISHERIES & AQUATIC RESOURCES - PLANNING DEPARTMENT","Aaron Camacho",2026-08-13,"KM Color",BH-C300i,"DEV UNIT","DEV UNIT BLACK DV315K",2,39178.00,78356.00,345,"for quote"
46,2026-C00046,"KM Kitbuyer","BUREAU OF FISHERIES & AQUATIC RESOURCES - PLANNING DEPARTMENT","Aaron Camacho",2026-08-13,"KM Color",BH-C300i,"DEV UNIT","DEV YELLOW DV315Y",2,190447.00,380894.00,345,"for quote"
46,2026-C00046,"KM Kitbuyer","BUREAU OF FISHERIES & AQUATIC RESOURCES - PLANNING DEPARTMENT","Aaron Camacho",2026-08-13,"KM Color",BH-C300i,"DEV UNIT","DEV MAGENTA DV315M",2,190447.00,380894.00,345,"for quote"
46,2026-C00046,"KM Kitbuyer","BUREAU OF FISHERIES & AQUATIC RESOURCES - PLANNING DEPARTMENT","Aaron Camacho",2026-08-13,"KM Color",BH-C300i,"DEV UNIT","DEV CYAN DV315C",2,190447.00,380894.00,345,"for quote"
46,2026-C00046,"KM Kitbuyer","BUREAU OF FISHERIES & AQUATIC RESOURCES - PLANNING DEPARTMENT","Aaron Camacho",2026-08-13,"KM Color",BH-C300i,"DRUM UNIT","DRUM UNIT K DR316K",2,22037.00,44074.00,345,"for quote"
46,2026-C00046,"KM Kitbuyer","BUREAU OF FISHERIES & AQUATIC RESOURCES - PLANNING DEPARTMENT","Aaron Camacho",2026-08-13,"KM Color",BH-C360i,"DRUM UNIT","DRUM UNIT CMY DR316CMY",2,38089.00,76178.00,345,"for quote"
46,2026-C00046,"KM Kitbuyer","BUREAU OF FISHERIES & AQUATIC RESOURCES - PLANNING DEPARTMENT","Aaron Camacho",2026-08-13,"KM Color",BH-C300i,"DRUM UNIT","DRUM UNIT CMY DR316CMY",2,38089.00,76178.00,345,"for quote"
46,2026-C00046,"KM Kitbuyer","BUREAU OF FISHERIES & AQUATIC RESOURCES - PLANNING DEPARTMENT","Aaron Camacho",2026-08-13,"KM Color",BH-C300i,"DRUM UNIT","DRUM UNIT CMY DR316CMY",2,38089.00,76178.00,345,"for quote"
44,2026-C00044,"KM Kitbuyer","FIREFLY ELECTRIC LIGHTING CORPORATION","Meralynn Doria",2026-08-13,"KM Color",BH-C300i,TONER,"TONER YELLOW TN328Y",1,18283.00,18283.00,230,"SCHEDULED FOR DELIVERY"
42,2026-C00042,"KM Kitbuyer","HARIPHIL ASIA RESOURCES, INC.","Meralynn Doria",2026-08-13,"KM Color",BH-C300i,TONER,"TONER BLACK TN328K",1,8162.00,8162.00,230,"SCHEDULED FOR DELIVERY"
42,2026-C00042,"KM Kitbuyer","HARIPHIL ASIA RESOURCES, INC.","Meralynn Doria",2026-08-13,"KM Color",BH-C300i,TONER,"TONER YELLOW TN328Y",1,18283.00,18283.00,230,"SCHEDULED FOR DELIVERY"
42,2026-C00042,"KM Kitbuyer","HARIPHIL ASIA RESOURCES, INC.","Meralynn Doria",2026-08-13,"KM Color",BH-C300i,TONER,"TONER CYAN TN328C",1,18283.00,18283.00,230,"SCHEDULED FOR DELIVERY"
40,2026-C00040,"KM Kitbuyer","CERI LOGISTICS INC","Meralynn Doria",2026-08-13,"KM Color",BH-C227i,"TRANSFER BELT UNIT","TRANSFER BELT UNIT",1,15335.00,15335.00,230,Delivered
25,2026-C00025,"KM Kitbuyer","DEPARTMENT OF ENERGY","Allen Rose Cahilig",2026-08-12,"KM Color",BH-C227i,TONER,"TONER BLACK TN227K",4,10447.00,41788.00,345,"Waiting for posting the RFQ in philgeps. Sent a copy of manufacturer certficate"
25,2026-C00025,"KM Kitbuyer","DEPARTMENT OF ENERGY","Allen Rose Cahilig",2026-08-12,"KM Color",BH-C227i,TONER,"TONER YELLOW TN227Y",1,21343.00,21343.00,345,"Waiting for posting the RFQ in philgeps. Sent a copy of manufacturer certficate"
25,2026-C00025,"KM Kitbuyer","DEPARTMENT OF ENERGY","Allen Rose Cahilig",2026-08-12,"KM Color",BH-C227i,TONER,"TONER MAGENTA TN227M",1,21343.00,21343.00,345,"Waiting for posting the RFQ in philgeps. Sent a copy of manufacturer certficate"
25,2026-C00025,"KM Kitbuyer","DEPARTMENT OF ENERGY","Allen Rose Cahilig",2026-08-12,"KM Color",BH-C227i,TONER,"TONER CYAN TN227C",1,21343.00,21343.00,345,"Waiting for posting the RFQ in philgeps. Sent a copy of manufacturer certficate"
23,2026-C00023,"KM Kitbuyer","CITY GOVERNMENT OF STA ROSA ","Allen Rose Cahilig",2026-08-12,"KM Color",BH-C308,TONER,"TONER BLACK C368/C308 (TN324K)",4,7750.00,31000.00,230,"Received approved PO with OBR for toners amounting to Php 127,720.00 Already forwarded to Grace to process PO."
23,2026-C00023,"KM Kitbuyer","CITY GOVERNMENT OF STA ROSA ","Allen Rose Cahilig",2026-08-12,"KM Color",BH-C308,TONER,"TONER YELLOW C368/C308 (TN324Y)",2,16120.00,32240.00,230,"Received approved PO with OBR for toners amounting to Php 127,720.00 Already forwarded to Grace to process PO."
23,2026-C00023,"KM Kitbuyer","CITY GOVERNMENT OF STA ROSA ","Allen Rose Cahilig",2026-08-12,"KM Color",BH-C308,TONER,"TONER MAGENTA C368/C308 (TN324M)",2,16120.00,32240.00,230,"Received approved PO with OBR for toners amounting to Php 127,720.00 Already forwarded to Grace to process PO."
23,2026-C00023,"KM Kitbuyer","CITY GOVERNMENT OF STA ROSA ","Allen Rose Cahilig",2026-08-12,"KM Color",BH-C308,TONER,"TONER CYAN C368/C308 (TN324C)",2,16120.00,32240.00,230,"Received approved PO with OBR for toners amounting to Php 127,720.00 Already forwarded to Grace to process PO."
20,2026-C00020,"KM Kitbuyer","DOXO INGREDIENTS INC.","Aaron Camacho",2026-08-11,"KM Color",BH-C250i,TONER,"TONER YELLOW TN328Y",1,18283.00,18283.00,345,"waiting for PO"
18,2026-C00018,"KM Kitbuyer","PLANET DRUGSTORE CORPORATION","Aaron Camacho",2026-08-11,"KM Color",BHC227,TONER,"TONER BLACK C287/C227 (TN221K)",1,10447.00,10447.00,230,"DELIVERED 08/10"
17,2026-C00017,"KM Kitbuyer","HEALTHWAY QUALIMED HOSPITAL SAN JOSE DEL MONTE","Aaron Camacho",2026-08-11,"KM Color",BH-C251i,TONER,"TONER BLACK TN328K",1,8162.00,8162.00,230,"Delivered 08/07"
17,2026-C00017,"KM Kitbuyer","HEALTHWAY QUALIMED HOSPITAL SAN JOSE DEL MONTE","Aaron Camacho",2026-08-11,"KM Color",BH-C251i,TONER,"TONER YELLOW TN328Y",1,18283.00,18283.00,230,"Delivered 08/07"
17,2026-C00017,"KM Kitbuyer","HEALTHWAY QUALIMED HOSPITAL SAN JOSE DEL MONTE","Aaron Camacho",2026-08-11,"KM Color",BH-C251i,TONER,"TONER MAGENTA TN328M",1,18283.00,18283.00,230,"Delivered 08/07"
17,2026-C00017,"KM Kitbuyer","HEALTHWAY QUALIMED HOSPITAL SAN JOSE DEL MONTE","Aaron Camacho",2026-08-11,"KM Color",BH-C251i,TONER,"TONER CYAN TN328C",1,18283.00,18283.00,230,"Delivered 08/07"
15,2026-C00015,"KM Kitbuyer","VALLEY GOLF & COUNTRY CLUB, INC.","Aaron Camacho",2026-08-11,"KM Color",BHC227,"DEV UNIT","DEV UNIT DV214",1,23507.00,23507.00,230,"DELIVERED 08/05"
13,2026-C00013,"KM Kitbuyer","ACE MEDICAL CENTER","Aaron Camacho",2026-08-11,"KM Color",BH-C251i,TONER,"TONER BLACK TN328K",1,8162.00,8162.00,230,"delivered 08/11"
11,2026-C00011,"KM Kitbuyer","5J PRINTING SERVICES","Aaron Camacho",2026-08-11,"KM Color",BH-C227i,"FUSING UNIT","FUSING UNIT",1,20172.00,20172.00,345,"waiting for signed quote and deposit slip"
10,2026-C00010,"KM Kitbuyer","VALLEY GOLF & COUNTRY CLUB","Aaron Camacho",2026-08-11,"KM Color",BH-C221,"TRANSFER ROLLER UNIT","TRANSFER ROLLER UNIT",1,3330.00,3330.00,345,"waiting for PO"
10,2026-C00010,"KM Kitbuyer","VALLEY GOLF & COUNTRY CLUB","Aaron Camacho",2026-08-11,"KM Color",BHC227,"TRANSFER BELT UNIT","TRANSFER BELT UNIT",1,15335.00,15335.00,345,"waiting for PO"
9,2026-C00009,"KM Kitbuyer","HEALTHWAY QUALIMED HOSPITAL SAN JOSE DEL MONTE","Aaron Camacho",2026-08-11,"KM Color",BH-C251i,TONER,"TONER BLACK TN328K",4,8162.00,32648.00,230,DELIVERED
9,2026-C00009,"KM Kitbuyer","HEALTHWAY QUALIMED HOSPITAL SAN JOSE DEL MONTE","Aaron Camacho",2026-08-11,"KM Color",BH-C251i,TONER,"TONER YELLOW TN328Y",2,18283.00,36566.00,230,DELIVERED
9,2026-C00009,"KM Kitbuyer","HEALTHWAY QUALIMED HOSPITAL SAN JOSE DEL MONTE","Aaron Camacho",2026-08-11,"KM Color",BH-C251i,TONER,"TONER MAGENTA TN328M",2,18283.00,36566.00,230,DELIVERED
9,2026-C00009,"KM Kitbuyer","HEALTHWAY QUALIMED HOSPITAL SAN JOSE DEL MONTE","Aaron Camacho",2026-08-11,"KM Color",BH-C251i,TONER,"TONER CYAN TN328C",2,18283.00,36566.00,230,DELIVERED
8,2026-C00008,"KM Kitbuyer","PRAXISMED TECHNOLLOGIES INC.","Meralynn Doria",2026-08-10,"KM Color",BH-C251i,TONER,"TONER BLACK TN328K",2,16324.00,32648.00,345,"Waiting for the budget."
8,2026-C00008,"KM Kitbuyer","PRAXISMED TECHNOLLOGIES INC.","Meralynn Doria",2026-08-10,"KM Color",BH-C251i,TONER,"TONER YELLOW TN328Y",1,18283.00,18283.00,345,"Waiting for the budget."
8,2026-C00008,"KM Kitbuyer","PRAXISMED TECHNOLLOGIES INC.","Meralynn Doria",2026-08-10,"KM Color",BH-C251i,TONER,"TONER MAGENTA TN328M",1,18283.00,18283.00,345,"Waiting for the budget."
8,2026-C00008,"KM Kitbuyer","PRAXISMED TECHNOLLOGIES INC.","Meralynn Doria",2026-08-10,"KM Color",BH-C251i,TONER,"TONER CYAN TN328C",1,18283.00,18283.00,345,"Waiting for the budget."
7,2026-C00007,"KM Kitbuyer","FOOD AND NUTRITION RESEARCH INSTITUTE(FNRI)","Allen Rose Cahilig",2026-08-10,"KM Color",BHC227,"IMAGING UNIT","IMAGING UNIT IU214C",1,56481.00,56481.00,345,"Sent imaging units quotation to the client amounting to Php 169,443.00"
7,2026-C00007,"KM Kitbuyer","FOOD AND NUTRITION RESEARCH INSTITUTE(FNRI)","Allen Rose Cahilig",2026-08-10,"KM Color",BHC227,"IMAGING UNIT","IMAGING UNIT IU214M",1,56481.00,56481.00,345,"Sent imaging units quotation to the client amounting to Php 169,443.00"
7,2026-C00007,"KM Kitbuyer","FOOD AND NUTRITION RESEARCH INSTITUTE(FNRI)","Allen Rose Cahilig",2026-08-10,"KM Color",BHC227,"IMAGING UNIT","IMAGING UNIT IU214Y",1,56481.00,56481.00,345,"Sent imaging units quotation to the client amounting to Php 169,443.00"
5,2026-C00005,"KM Kitbuyer","FILIPINO-CHINESE BAKERY ASSOCIATION, INC.","Meralynn Doria",2026-08-10,"KM Color",BH-C300i,TONER,"TONER BLACK TN328K",1,8162.00,8162.00,230,Delivered
5,2026-C00005,"KM Kitbuyer","FILIPINO-CHINESE BAKERY ASSOCIATION, INC.","Meralynn Doria",2026-08-10,"KM Color",BH-C300i,TONER,"TONER YELLOW TN328Y",1,18283.00,18283.00,230,Delivered
5,2026-C00005,"KM Kitbuyer","FILIPINO-CHINESE BAKERY ASSOCIATION, INC.","Meralynn Doria",2026-08-10,"KM Color",BH-C300i,TONER,"TONER MAGENTA TN328M",1,18283.00,18283.00,230,Delivered
5,2026-C00005,"KM Kitbuyer","FILIPINO-CHINESE BAKERY ASSOCIATION, INC.","Meralynn Doria",2026-08-10,"KM Color",BH-C300i,TONER,"TONER CYAN TN328C",1,18283.00,18283.00,230,Delivered
3,2026-C00003,"KM Kitbuyer",`12,"Bon Bidan",2026-08-10,"KM Color",BH-C308,TONER,"TONER BLACK C368/C308 (TN324K)",2,1200.00,2400.00,345,"in the works
"
