MACHINE MODEL,Consumables,Item Code
"CR1630
",INK,RISOGRAPH CR INK A BLACK
,,RISOGRAPH CR INK RED
,,RISOGRAPH CR INK BLUE
,,RISOGRAPH CR INK GREEN
,MASTER,RISOGRAPH CR MASTER B4
KS500 / KS600 / KS800,INK,RISOGRAPH BLACK KS INK
,MASTER,RISOGRAPH KS MASTER
KZ30,INK,RISOGRAPH BLACK KZ INK
,MASTER,RISOGRAPH KZ MASTER
RP3100 / RP3105,INK,RISO INK RP3590/3100/SOY BLACK
,DRUM,RISOGRAPH RP 31/3590 A3 INKLESS DRUM
,MASTER,RISOGRAPH RP 3100 MASTER 07 A3
RP3790,INK,RISO RP3790W INK BLACK
,MASTER,RISO RP3790W MASTER 08 A3
RZ2300 / EZ2301 / EZ330 / EZ331 / SF5230 / RZ3700 / EZ3701 / RZ5700 / EZ5701 / SF530 / MZ7700 & MZ8700,INK,RISO INK G TYPE BLACK
,MASTER,RZ RISO G TYPE 73 B4 MASTER
,,RISO MASTER ZTYPE/GTYPE A3
MZ970 / RZ970 / MZ1070 / RZ1070 / MF9350 / SF9390 / SE9380 / ME9350 / MZ7700,INK,RISO INK FTYPE HD BLACK AU
,MASTER,RISO MASTER FII TYPE HD87UA A3/LEDGER
,INK,F-TYPE INK HD BLACK
CZ180,,RISO INK CZ TYPE BLACK
,MASTER,RISO MASTER CZ TYPE 13
CV3230 / CV1200 / CV3130,INK,RISO INK CV TYPE BLACK
,,RISO INK CV TYPE BLUE
,MASTER,RISO MASTER CV B4 UA
,,RISO MASTER CV A4 / LEGAL
,INK,RISO INK CV TYPE RED
SF5230 / SF5330 / SF5350 / SF9350,INK,RISO INK FII TYPE BLACK AG
,MASTER,RISO MASTER FII TYPE 73 AG B4
,,RISO MASTER FII TYPE77V AG A3
RISO A2,INK,INK BLACK
,,INK COLORED
,,RISO INK FII TYPE RED UA
,MASTER,MASTER A2
,,
,,
,,
,,
,,
,,
,,
,,
,,
,,
,,
,,
,,
,,
,,
,,
,,
,,
,,
,,
,,
,,
,,
,,
,,
,,
,,
,,
,,
,,
,,
,,
,,
,,
,,
,,
,,
,,
,,
,,
,,
,,
,,
,,
,,
,,
,,
,,
,,
,,
,,
,,
,,
,,
,,
,,
,,
,,
,,
,,
,,
,,
,,
,,
,,
,,
,,
,,
,,
,,
,,
,,
,,
,,
,,
,,
,,
,,
,,
,,
,,
,,
,,
,,
,,
,,
,,
,,
,,
,,
,,
,,
,,
,,
,,
,,
,,
,,
,,
,,
,,
,,
,,
,,
,,
,,
,,
,,
,,
,,
,,
,,
,,
,,
,,
,,
,,
,,
,,
,,
,,
,,
,,
,,
,,
,,
,,
,,
,,
,,
,,
,,
,,
,,
,,
,,
,,
,,
,,
,,
,,
,,
,,
,,
,,
,,
,,
,,
,,
,,
,,
,,
,,
,,
,,
,,
,,
,,
,,
,,
,,
,,
,,
,,
,,
,,
,,
,,
,,
,,
,,
,,
,,
,,
,,
,,
,,
,,
,,
,,
,,
,,
,,
,,
,,
,,
,,
,,
,,
,,
,,
,,
,,
,,
,,
,,
,,
,,
,,
,,
,,
,,
,,
,,
,,
,,
,,
,,
,,
,,
,,
,,
,,
,,
,,
,,
,,
,,
,,
,,
,,
,,
,,
,,
,,
,,
,,
,,
,,
,,
,,
,,
,,
,,
,,
,,
,,
,,
,,
,,
,,
,,
,,
,,
,,
,,
,,
,,
,,
,,
,,
,,
,,
,,
,,
,,
,,
,,
,,
,,
,,
,,
,,
,,
,,
,,
,,
,,
,,
,,
,,
,,
,,
,,
,,
,,
,,
,,
,,
,,
,,
,,
,,
,,
,,
,,
,,
,,
,,
,,
,,
,,
,,
,,
,,
,,
,,
,,
,,
,,
,,
,,
,,
,,
,,
,,
,,
,,
,,
,,
,,
,,
,,
,,
,,
,,
,,
,,
,,
,,
,,
,,
,,
,,
,,
,,
,,
,,
,,
,,
,,
,,
,,
,,
,,
,,
,,
,,
,,
,,
,,
,,
,,
,,
,,
,,
,,
,,
,,
,,
,,
,,
,,
,,
,,
,,
,,
,,
,,
,,
,,
,,
,,
,,
,,
,,
,,
,,
,,
,,
,,
,,
,,
,,
,,
,,
,,
,,
,,
,,
,,
,,
,,
,,
,,
,,
